date,retailer,drug,strength,price_nzd,available,source_url,note
2026-09-03T05:35:34Z,Chemist Warehouse,Mounjaro,2.5mg,429.99,,https://www.chemistwarehouse.co.nz/buy/165180/mounjaro-2-5mg-kwikpen,non-subsidised anchor
2026-09-03T05:35:37Z,Chemist Warehouse,Mounjaro,5mg,499.99,,https://www.chemistwarehouse.co.nz/buy/165181/mounjaro-5mg-kwikpen,non-subsidised anchor
2026-09-03T05:35:39Z,Chemist Warehouse,Mounjaro,7.5mg,689.99,,https://www.chemistwarehouse.co.nz/buy/165182/mounjaro-7-5mg-kwikpen,non-subsidised anchor
2026-09-03T05:35:42Z,Chemist Warehouse,Mounjaro,10mg,689.99,,https://www.chemistwarehouse.co.nz/buy/165183/mounjaro-10mg-kwikpen,non-subsidised anchor
2026-09-03T05:35:44Z,Chemist Warehouse,Mounjaro,12.5mg,874.99,,https://www.chemistwarehouse.co.nz/buy/165184/mounjaro-12-5mg-kwikpen,non-subsidised anchor
2026-09-03T05:35:47Z,Chemist Warehouse,Mounjaro,15mg,874.99,,https://www.chemistwarehouse.co.nz/buy/165217/mounjaro-15mg-kwikpen,non-subsidised anchor
2026-09-03T05:35:49Z,Chemist Warehouse,Wegovy,0.25mg,364.99,,https://www.chemistwarehouse.co.nz/buy/156879/wegovy-0-25mg-flexpen,non-subsidised anchor
2026-09-03T05:35:52Z,Chemist Warehouse,Wegovy,0.5mg,384.99,,https://www.chemistwarehouse.co.nz/buy/156880/wegovy-0-5mg-flexpen,non-subsidised anchor
2026-09-03T05:35:55Z,Chemist Warehouse,Wegovy,1.0mg,404.99,,https://www.chemistwarehouse.co.nz/buy/156881/wegovy-1mg-flexpen,non-subsidised anchor
2026-09-03T05:35:57Z,Chemist Warehouse,Wegovy,1.7mg,449.99,,https://www.chemistwarehouse.co.nz/buy/156882/wegovy-1-7mg-flexpen,non-subsidised anchor
2026-09-03T05:36:00Z,Chemist Warehouse,Wegovy,2.4mg,469.99,,https://www.chemistwarehouse.co.nz/buy/156883/wegovy-2-4mg-flexpen,non-subsidised anchor
2026-09-03T05:36:03Z,Bargain Chemist,Wegovy,2.4mg,469.99,,https://www.bargainchemist.co.nz/products/wegovy-24-mg-flextouch-96mg3ml?_pos=1&_psq=wegovy&_psid=aed6945f6&_ss=e,
2026-09-03T05:36:03Z,Bargain Chemist,Wegovy,1.7mg,449.99,,https://www.bargainchemist.co.nz/products/wegovy-17-mg-flextouch-68mg3ml?_pos=2&_psq=wegovy&_psid=aed6945f6&_ss=e,
2026-09-03T05:36:03Z,Bargain Chemist,Wegovy,1.0mg,409.99,,https://www.bargainchemist.co.nz/products/wegovy-1-mg-flextouch-4mg3ml?_pos=3&_psq=wegovy&_psid=aed6945f6&_ss=e,
2026-09-03T05:36:03Z,Bargain Chemist,Wegovy,0.25mg,364.99,,https://www.bargainchemist.co.nz/products/wegovy-025-mg-flextouch-1mg15ml?_pos=4&_psq=wegovy&_psid=aed6945f6&_ss=e,
2026-09-03T05:36:03Z,Bargain Chemist,Wegovy,0.5mg,389.99,,https://www.bargainchemist.co.nz/products/wegovy-05-mg-flextouch-2mg15ml?_pos=5&_psq=wegovy&_psid=aed6945f6&_ss=e,
2026-09-03T05:36:05Z,Bargain Chemist,Mounjaro,7.5mg,688.99,,https://www.bargainchemist.co.nz/products/mounjaro-7-5mg-kwikpen?_pos=1&_psq=mounjaro&_psid=ee5dac520&_ss=e,
2026-09-03T05:36:05Z,Bargain Chemist,Mounjaro,2.5mg,429.99,,https://www.bargainchemist.co.nz/products/mounjaro-2-5mg-kwikpen?_pos=2&_psq=mounjaro&_psid=ee5dac520&_ss=e,
2026-09-03T05:36:05Z,Bargain Chemist,Mounjaro,10mg,689.99,,https://www.bargainchemist.co.nz/products/mounjaro-10mg-kwikpen?_pos=3&_psq=mounjaro&_psid=ee5dac520&_ss=e,
2026-09-03T05:36:05Z,Bargain Chemist,Mounjaro,15mg,874.99,,https://www.bargainchemist.co.nz/products/mounjaro-15mg-kwikpen?_pos=4&_psq=mounjaro&_psid=ee5dac520&_ss=e,
2026-09-03T05:36:05Z,Bargain Chemist,Mounjaro,5mg,499.99,,https://www.bargainchemist.co.nz/products/mounjaro-5mg-kwikpen?_pos=5&_psq=mounjaro&_psid=ee5dac520&_ss=e,
2026-09-03T05:36:05Z,Bargain Chemist,Mounjaro,12.5mg,874.99,,https://www.bargainchemist.co.nz/products/mounjaro-12-5mg-kwikpen?_pos=6&_psq=mounjaro&_psid=ee5dac520&_ss=e,
2026-09-03T05:36:11Z,PillDrop,Wegovy,0.25mg,365.00,,https://pilldrop.co.nz/services/wegovy/,
2026-09-03T05:36:11Z,PillDrop,Wegovy,0.5mg,385.00,,https://pilldrop.co.nz/services/wegovy/,
2026-09-03T05:36:11Z,PillDrop,Wegovy,1.0mg,405.00,,https://pilldrop.co.nz/services/wegovy/,
2026-09-03T05:36:11Z,PillDrop,Wegovy,1.7mg,450.00,,https://pilldrop.co.nz/services/wegovy/,
2026-09-03T05:36:11Z,PillDrop,Wegovy,2.4mg,470.00,,https://pilldrop.co.nz/services/wegovy/,
2026-09-03T05:36:13Z,PillDrop,Mounjaro,2.5mg,430.00,,https://pilldrop.co.nz/services/mounjaro/,
2026-09-03T05:36:13Z,PillDrop,Mounjaro,5mg,500.00,,https://pilldrop.co.nz/services/mounjaro/,
2026-09-03T05:36:13Z,PillDrop,Mounjaro,7.5mg,690.00,,https://pilldrop.co.nz/services/mounjaro/,
2026-09-03T05:36:13Z,PillDrop,Mounjaro,10mg,690.00,,https://pilldrop.co.nz/services/mounjaro/,
2026-09-03T05:36:13Z,PillDrop,Mounjaro,12.5mg,875.00,,https://pilldrop.co.nz/services/mounjaro/,
2026-09-03T05:36:13Z,PillDrop,Mounjaro,15mg,875.00,,https://pilldrop.co.nz/services/mounjaro/,
2026-09-03T05:36:17Z,Zoom Pharmacy,Saxenda,Liraglutide) 3 x 15ml Injection (9 x 5ml injections,1433.49,true,https://zoompharmacy.co.nz/shop/saxenda-liraglutide-3x15ml-injection/,
2026-09-03T05:36:17Z,Zoom Pharmacy,Saxenda,Liraglutide) 2 x 15ml Injection (6 x 5ml injections,956.49,true,https://zoompharmacy.co.nz/shop/saxenda-liraglutide-2x15ml-injection/,
2026-09-03T05:36:17Z,Zoom Pharmacy,Saxenda,Liraglutide) 15ml Injection (3 x 5ml injections,479.49,true,https://zoompharmacy.co.nz/shop/saxenda-liraglutide-15ml-injection/,
2026-09-03T05:36:20Z,Zoom Pharmacy,Contrave,"Naltrexone + Bupropion Hydrochloride) 8mg/90mg Tablets, 112 pack",209.49,true,https://zoompharmacy.co.nz/shop/contrave-naltrexone-bupropion-hydrochloride-8mg-90mg-tablets-112-pack/,
2026-09-03T05:36:23Z,Zoom Pharmacy,"Duromine 30mg Capsules, 30 pack",,96.99,true,https://zoompharmacy.co.nz/shop/duromine-30mg-capsules-30-pack/,
2026-09-03T05:36:23Z,Zoom Pharmacy,"Duromine 15mg Capsules, 30 pack",,79.99,true,https://zoompharmacy.co.nz/shop/duromine-15mg-capsules-30-pack/,
2026-09-03T12:01:31Z,Chemist Warehouse,Mounjaro,2.5mg,429.99,,https://www.chemistwarehouse.co.nz/buy/165180/mounjaro-2-5mg-kwikpen,non-subsidised anchor
2026-09-03T12:01:33Z,Chemist Warehouse,Mounjaro,5mg,499.99,,https://www.chemistwarehouse.co.nz/buy/165181/mounjaro-5mg-kwikpen,non-subsidised anchor
2026-09-03T12:01:35Z,Chemist Warehouse,Mounjaro,7.5mg,689.99,,https://www.chemistwarehouse.co.nz/buy/165182/mounjaro-7-5mg-kwikpen,non-subsidised anchor
2026-09-03T12:01:37Z,Chemist Warehouse,Mounjaro,10mg,689.99,,https://www.chemistwarehouse.co.nz/buy/165183/mounjaro-10mg-kwikpen,non-subsidised anchor
2026-09-03T12:01:39Z,Chemist Warehouse,Mounjaro,12.5mg,874.99,,https://www.chemistwarehouse.co.nz/buy/165184/mounjaro-12-5mg-kwikpen,non-subsidised anchor
2026-09-03T12:01:41Z,Chemist Warehouse,Mounjaro,15mg,874.99,,https://www.chemistwarehouse.co.nz/buy/165217/mounjaro-15mg-kwikpen,non-subsidised anchor
2026-09-03T12:01:43Z,Chemist Warehouse,Wegovy,0.25mg,364.99,,https://www.chemistwarehouse.co.nz/buy/156879/wegovy-0-25mg-flexpen,non-subsidised anchor
2026-09-03T12:01:45Z,Chemist Warehouse,Wegovy,0.5mg,384.99,,https://www.chemistwarehouse.co.nz/buy/156880/wegovy-0-5mg-flexpen,non-subsidised anchor
2026-09-03T12:01:48Z,Chemist Warehouse,Wegovy,1.0mg,404.99,,https://www.chemistwarehouse.co.nz/buy/156881/wegovy-1mg-flexpen,non-subsidised anchor
2026-09-03T12:01:50Z,Chemist Warehouse,Wegovy,1.7mg,449.99,,https://www.chemistwarehouse.co.nz/buy/156882/wegovy-1-7mg-flexpen,non-subsidised anchor
2026-09-03T12:01:52Z,Chemist Warehouse,Wegovy,2.4mg,469.99,,https://www.chemistwarehouse.co.nz/buy/156883/wegovy-2-4mg-flexpen,non-subsidised anchor
2026-09-03T12:01:55Z,Bargain Chemist,Wegovy,2.4mg,469.99,,https://www.bargainchemist.co.nz/products/wegovy-24-mg-flextouch-96mg3ml?_pos=1&_psq=wegovy&_psid=ab9e84f7e&_ss=e,
2026-09-03T12:01:55Z,Bargain Chemist,Wegovy,1.7mg,449.99,,https://www.bargainchemist.co.nz/products/wegovy-17-mg-flextouch-68mg3ml?_pos=2&_psq=wegovy&_psid=ab9e84f7e&_ss=e,
2026-09-03T12:01:55Z,Bargain Chemist,Wegovy,0.25mg,364.99,,https://www.bargainchemist.co.nz/products/wegovy-025-mg-flextouch-1mg15ml?_pos=3&_psq=wegovy&_psid=ab9e84f7e&_ss=e,
2026-09-03T12:01:55Z,Bargain Chemist,Wegovy,1.0mg,409.99,,https://www.bargainchemist.co.nz/products/wegovy-1-mg-flextouch-4mg3ml?_pos=4&_psq=wegovy&_psid=ab9e84f7e&_ss=e,
2026-09-03T12:01:55Z,Bargain Chemist,Wegovy,0.5mg,389.99,,https://www.bargainchemist.co.nz/products/wegovy-05-mg-flextouch-2mg15ml?_pos=5&_psq=wegovy&_psid=ab9e84f7e&_ss=e,
2026-09-03T12:01:57Z,Bargain Chemist,Mounjaro,2.5mg,429.99,,https://www.bargainchemist.co.nz/products/mounjaro-2-5mg-kwikpen?_pos=1&_psq=mounjaro&_psid=896626209&_ss=e,
2026-09-03T12:01:57Z,Bargain Chemist,Mounjaro,7.5mg,688.99,,https://www.bargainchemist.co.nz/products/mounjaro-7-5mg-kwikpen?_pos=2&_psq=mounjaro&_psid=896626209&_ss=e,
2026-09-03T12:01:57Z,Bargain Chemist,Mounjaro,10mg,689.99,,https://www.bargainchemist.co.nz/products/mounjaro-10mg-kwikpen?_pos=3&_psq=mounjaro&_psid=896626209&_ss=e,
2026-09-03T12:01:57Z,Bargain Chemist,Mounjaro,15mg,874.99,,https://www.bargainchemist.co.nz/products/mounjaro-15mg-kwikpen?_pos=4&_psq=mounjaro&_psid=896626209&_ss=e,
2026-09-03T12:01:57Z,Bargain Chemist,Mounjaro,5mg,499.99,,https://www.bargainchemist.co.nz/products/mounjaro-5mg-kwikpen?_pos=5&_psq=mounjaro&_psid=896626209&_ss=e,
2026-09-03T12:01:57Z,Bargain Chemist,Mounjaro,12.5mg,874.99,,https://www.bargainchemist.co.nz/products/mounjaro-12-5mg-kwikpen?_pos=6&_psq=mounjaro&_psid=896626209&_ss=e,
2026-09-03T12:02:02Z,PillDrop,Wegovy,0.25mg,365.00,,https://pilldrop.co.nz/services/wegovy/,
2026-09-03T12:02:02Z,PillDrop,Wegovy,0.5mg,385.00,,https://pilldrop.co.nz/services/wegovy/,
2026-09-03T12:02:02Z,PillDrop,Wegovy,1.0mg,405.00,,https://pilldrop.co.nz/services/wegovy/,
2026-09-03T12:02:02Z,PillDrop,Wegovy,1.7mg,450.00,,https://pilldrop.co.nz/services/wegovy/,
2026-09-03T12:02:02Z,PillDrop,Wegovy,2.4mg,470.00,,https://pilldrop.co.nz/services/wegovy/,
2026-09-03T12:02:04Z,PillDrop,Mounjaro,2.5mg,430.00,,https://pilldrop.co.nz/services/mounjaro/,
2026-09-03T12:02:04Z,PillDrop,Mounjaro,5mg,500.00,,https://pilldrop.co.nz/services/mounjaro/,
2026-09-03T12:02:04Z,PillDrop,Mounjaro,7.5mg,690.00,,https://pilldrop.co.nz/services/mounjaro/,
2026-09-03T12:02:04Z,PillDrop,Mounjaro,10mg,690.00,,https://pilldrop.co.nz/services/mounjaro/,
2026-09-03T12:02:04Z,PillDrop,Mounjaro,12.5mg,875.00,,https://pilldrop.co.nz/services/mounjaro/,
2026-09-03T12:02:04Z,PillDrop,Mounjaro,15mg,875.00,,https://pilldrop.co.nz/services/mounjaro/,
2026-09-03T12:02:07Z,Zoom Pharmacy,Saxenda,3 x 15ml,1433.49,true,https://zoompharmacy.co.nz/shop/saxenda-liraglutide-3x15ml-injection/,
2026-09-03T12:02:07Z,Zoom Pharmacy,Saxenda,2 x 15ml,956.49,true,https://zoompharmacy.co.nz/shop/saxenda-liraglutide-2x15ml-injection/,
2026-09-03T12:02:07Z,Zoom Pharmacy,Saxenda,1 x 15ml,479.49,true,https://zoompharmacy.co.nz/shop/saxenda-liraglutide-15ml-injection/,
2026-09-03T12:02:10Z,Zoom Pharmacy,Contrave,"8mg/90mg, 112 pack",209.49,true,https://zoompharmacy.co.nz/shop/contrave-naltrexone-bupropion-hydrochloride-8mg-90mg-tablets-112-pack/,
2026-09-03T12:02:13Z,Zoom Pharmacy,Duromine,"30mg, 30 pack",96.99,true,https://zoompharmacy.co.nz/shop/duromine-30mg-capsules-30-pack/,
2026-09-03T12:02:13Z,Zoom Pharmacy,Duromine,"15mg, 30 pack",79.99,true,https://zoompharmacy.co.nz/shop/duromine-15mg-capsules-30-pack/,
2026-09-03T20:21:42Z,Chemist Warehouse,Mounjaro,2.5mg,429.99,,https://www.chemistwarehouse.co.nz/buy/165180/mounjaro-2-5mg-kwikpen,non-subsidised anchor
2026-09-03T20:21:44Z,Chemist Warehouse,Mounjaro,5mg,499.99,,https://www.chemistwarehouse.co.nz/buy/165181/mounjaro-5mg-kwikpen,non-subsidised anchor
2026-09-03T20:21:47Z,Chemist Warehouse,Mounjaro,7.5mg,689.99,,https://www.chemistwarehouse.co.nz/buy/165182/mounjaro-7-5mg-kwikpen,non-subsidised anchor
2026-09-03T20:21:50Z,Chemist Warehouse,Mounjaro,10mg,689.99,,https://www.chemistwarehouse.co.nz/buy/165183/mounjaro-10mg-kwikpen,non-subsidised anchor
2026-09-03T20:21:52Z,Chemist Warehouse,Mounjaro,12.5mg,874.99,,https://www.chemistwarehouse.co.nz/buy/165184/mounjaro-12-5mg-kwikpen,non-subsidised anchor
2026-09-03T20:21:56Z,Chemist Warehouse,Mounjaro,15mg,874.99,,https://www.chemistwarehouse.co.nz/buy/165217/mounjaro-15mg-kwikpen,non-subsidised anchor
2026-09-03T20:21:58Z,Chemist Warehouse,Wegovy,0.25mg,364.99,,https://www.chemistwarehouse.co.nz/buy/156879/wegovy-0-25mg-flexpen,non-subsidised anchor
2026-09-03T20:22:01Z,Chemist Warehouse,Wegovy,0.5mg,384.99,,https://www.chemistwarehouse.co.nz/buy/156880/wegovy-0-5mg-flexpen,non-subsidised anchor
2026-09-03T20:22:04Z,Chemist Warehouse,Wegovy,1.0mg,404.99,,https://www.chemistwarehouse.co.nz/buy/156881/wegovy-1mg-flexpen,non-subsidised anchor
2026-09-03T20:22:08Z,Chemist Warehouse,Wegovy,1.7mg,449.99,,https://www.chemistwarehouse.co.nz/buy/156882/wegovy-1-7mg-flexpen,non-subsidised anchor
2026-09-03T20:22:10Z,Chemist Warehouse,Wegovy,2.4mg,469.99,,https://www.chemistwarehouse.co.nz/buy/156883/wegovy-2-4mg-flexpen,non-subsidised anchor
2026-09-03T20:22:13Z,Bargain Chemist,Wegovy,2.4mg,469.99,,https://www.bargainchemist.co.nz/products/wegovy-24-mg-flextouch-96mg3ml?_pos=1&_psq=wegovy&_psid=d353d4b6d&_ss=e,
2026-09-03T20:22:13Z,Bargain Chemist,Wegovy,1.7mg,449.99,,https://www.bargainchemist.co.nz/products/wegovy-17-mg-flextouch-68mg3ml?_pos=2&_psq=wegovy&_psid=d353d4b6d&_ss=e,
2026-09-03T20:22:13Z,Bargain Chemist,Wegovy,0.25mg,364.99,,https://www.bargainchemist.co.nz/products/wegovy-025-mg-flextouch-1mg15ml?_pos=3&_psq=wegovy&_psid=d353d4b6d&_ss=e,
2026-09-03T20:22:13Z,Bargain Chemist,Wegovy,1.0mg,409.99,,https://www.bargainchemist.co.nz/products/wegovy-1-mg-flextouch-4mg3ml?_pos=4&_psq=wegovy&_psid=d353d4b6d&_ss=e,
2026-09-03T20:22:13Z,Bargain Chemist,Wegovy,0.5mg,389.99,,https://www.bargainchemist.co.nz/products/wegovy-05-mg-flextouch-2mg15ml?_pos=5&_psq=wegovy&_psid=d353d4b6d&_ss=e,
2026-09-03T20:22:16Z,Bargain Chemist,Mounjaro,2.5mg,429.99,,https://www.bargainchemist.co.nz/products/mounjaro-2-5mg-kwikpen?_pos=1&_psq=mounjaro&_psid=b59f2d4e1&_ss=e,
2026-09-03T20:22:16Z,Bargain Chemist,Mounjaro,7.5mg,688.99,,https://www.bargainchemist.co.nz/products/mounjaro-7-5mg-kwikpen?_pos=2&_psq=mounjaro&_psid=b59f2d4e1&_ss=e,
2026-09-03T20:22:16Z,Bargain Chemist,Mounjaro,10mg,689.99,,https://www.bargainchemist.co.nz/products/mounjaro-10mg-kwikpen?_pos=3&_psq=mounjaro&_psid=b59f2d4e1&_ss=e,
2026-09-03T20:22:16Z,Bargain Chemist,Mounjaro,15mg,874.99,,https://www.bargainchemist.co.nz/products/mounjaro-15mg-kwikpen?_pos=4&_psq=mounjaro&_psid=b59f2d4e1&_ss=e,
2026-09-03T20:22:16Z,Bargain Chemist,Mounjaro,5mg,499.99,,https://www.bargainchemist.co.nz/products/mounjaro-5mg-kwikpen?_pos=5&_psq=mounjaro&_psid=b59f2d4e1&_ss=e,
2026-09-03T20:22:16Z,Bargain Chemist,Mounjaro,12.5mg,874.99,,https://www.bargainchemist.co.nz/products/mounjaro-12-5mg-kwikpen?_pos=6&_psq=mounjaro&_psid=b59f2d4e1&_ss=e,
2026-09-03T20:22:21Z,PillDrop,Wegovy,0.25mg,365.00,,https://pilldrop.co.nz/services/wegovy/,
2026-09-03T20:22:21Z,PillDrop,Wegovy,0.5mg,385.00,,https://pilldrop.co.nz/services/wegovy/,
2026-09-03T20:22:21Z,PillDrop,Wegovy,1.0mg,405.00,,https://pilldrop.co.nz/services/wegovy/,
2026-09-03T20:22:21Z,PillDrop,Wegovy,1.7mg,450.00,,https://pilldrop.co.nz/services/wegovy/,
2026-09-03T20:22:21Z,PillDrop,Wegovy,2.4mg,470.00,,https://pilldrop.co.nz/services/wegovy/,
2026-09-03T20:22:23Z,PillDrop,Mounjaro,2.5mg,430.00,,https://pilldrop.co.nz/services/mounjaro/,
2026-09-03T20:22:23Z,PillDrop,Mounjaro,5mg,500.00,,https://pilldrop.co.nz/services/mounjaro/,
2026-09-03T20:22:23Z,PillDrop,Mounjaro,7.5mg,690.00,,https://pilldrop.co.nz/services/mounjaro/,
2026-09-03T20:22:23Z,PillDrop,Mounjaro,10mg,690.00,,https://pilldrop.co.nz/services/mounjaro/,
2026-09-03T20:22:23Z,PillDrop,Mounjaro,12.5mg,875.00,,https://pilldrop.co.nz/services/mounjaro/,
2026-09-03T20:22:23Z,PillDrop,Mounjaro,15mg,875.00,,https://pilldrop.co.nz/services/mounjaro/,
2026-09-03T20:22:26Z,Zoom Pharmacy,Saxenda,3 x 15ml,1433.49,true,https://zoompharmacy.co.nz/shop/saxenda-liraglutide-3x15ml-injection/,
2026-09-03T20:22:26Z,Zoom Pharmacy,Saxenda,2 x 15ml,956.49,true,https://zoompharmacy.co.nz/shop/saxenda-liraglutide-2x15ml-injection/,
2026-09-03T20:22:26Z,Zoom Pharmacy,Saxenda,1 x 15ml,479.49,true,https://zoompharmacy.co.nz/shop/saxenda-liraglutide-15ml-injection/,
2026-09-03T20:22:29Z,Zoom Pharmacy,Contrave,"8mg/90mg, 112 pack",209.49,true,https://zoompharmacy.co.nz/shop/contrave-naltrexone-bupropion-hydrochloride-8mg-90mg-tablets-112-pack/,
2026-09-03T20:22:32Z,Zoom Pharmacy,Duromine,"30mg, 30 pack",96.99,true,https://zoompharmacy.co.nz/shop/duromine-30mg-capsules-30-pack/,
2026-09-03T20:22:32Z,Zoom Pharmacy,Duromine,"15mg, 30 pack",79.99,true,https://zoompharmacy.co.nz/shop/duromine-15mg-capsules-30-pack/,
2026-09-04T20:22:07Z,Chemist Warehouse,Mounjaro,2.5mg,429.99,,https://www.chemistwarehouse.co.nz/buy/165180/mounjaro-2-5mg-kwikpen,non-subsidised anchor
2026-09-04T20:22:09Z,Chemist Warehouse,Mounjaro,5mg,499.99,,https://www.chemistwarehouse.co.nz/buy/165181/mounjaro-5mg-kwikpen,non-subsidised anchor
2026-09-04T20:22:12Z,Chemist Warehouse,Mounjaro,7.5mg,689.99,,https://www.chemistwarehouse.co.nz/buy/165182/mounjaro-7-5mg-kwikpen,non-subsidised anchor
2026-09-04T20:22:15Z,Chemist Warehouse,Mounjaro,10mg,689.99,,https://www.chemistwarehouse.co.nz/buy/165183/mounjaro-10mg-kwikpen,non-subsidised anchor
2026-09-04T20:22:19Z,Chemist Warehouse,Mounjaro,12.5mg,874.99,,https://www.chemistwarehouse.co.nz/buy/165184/mounjaro-12-5mg-kwikpen,non-subsidised anchor
2026-09-04T20:22:22Z,Chemist Warehouse,Mounjaro,15mg,874.99,,https://www.chemistwarehouse.co.nz/buy/165217/mounjaro-15mg-kwikpen,non-subsidised anchor
2026-09-04T20:22:24Z,Chemist Warehouse,Wegovy,0.25mg,364.99,,https://www.chemistwarehouse.co.nz/buy/156879/wegovy-0-25mg-flexpen,non-subsidised anchor
2026-09-04T20:22:27Z,Chemist Warehouse,Wegovy,0.5mg,384.99,,https://www.chemistwarehouse.co.nz/buy/156880/wegovy-0-5mg-flexpen,non-subsidised anchor
2026-09-04T20:22:29Z,Chemist Warehouse,Wegovy,1.0mg,404.99,,https://www.chemistwarehouse.co.nz/buy/156881/wegovy-1mg-flexpen,non-subsidised anchor
2026-09-04T20:22:32Z,Chemist Warehouse,Wegovy,1.7mg,449.99,,https://www.chemistwarehouse.co.nz/buy/156882/wegovy-1-7mg-flexpen,non-subsidised anchor
2026-09-04T20:22:36Z,Chemist Warehouse,Wegovy,2.4mg,469.99,,https://www.chemistwarehouse.co.nz/buy/156883/wegovy-2-4mg-flexpen,non-subsidised anchor
2026-09-04T20:22:38Z,Bargain Chemist,Wegovy,2.4mg,469.99,,https://www.bargainchemist.co.nz/products/wegovy-24-mg-flextouch-96mg3ml?_pos=1&_psq=wegovy&_psid=c8e2c7bd3&_ss=e,
2026-09-04T20:22:38Z,Bargain Chemist,Wegovy,1.7mg,449.99,,https://www.bargainchemist.co.nz/products/wegovy-17-mg-flextouch-68mg3ml?_pos=2&_psq=wegovy&_psid=c8e2c7bd3&_ss=e,
2026-09-04T20:22:38Z,Bargain Chemist,Wegovy,0.25mg,364.99,,https://www.bargainchemist.co.nz/products/wegovy-025-mg-flextouch-1mg15ml?_pos=3&_psq=wegovy&_psid=c8e2c7bd3&_ss=e,
2026-09-04T20:22:38Z,Bargain Chemist,Wegovy,1.0mg,409.99,,https://www.bargainchemist.co.nz/products/wegovy-1-mg-flextouch-4mg3ml?_pos=4&_psq=wegovy&_psid=c8e2c7bd3&_ss=e,
2026-09-04T20:22:38Z,Bargain Chemist,Wegovy,0.5mg,389.99,,https://www.bargainchemist.co.nz/products/wegovy-05-mg-flextouch-2mg15ml?_pos=5&_psq=wegovy&_psid=c8e2c7bd3&_ss=e,
2026-09-04T20:22:41Z,Bargain Chemist,Mounjaro,7.5mg,688.99,,https://www.bargainchemist.co.nz/products/mounjaro-7-5mg-kwikpen?_pos=1&_psq=mounjaro&_psid=bdbb77593&_ss=e,
2026-09-04T20:22:41Z,Bargain Chemist,Mounjaro,2.5mg,429.99,,https://www.bargainchemist.co.nz/products/mounjaro-2-5mg-kwikpen?_pos=2&_psq=mounjaro&_psid=bdbb77593&_ss=e,
2026-09-04T20:22:41Z,Bargain Chemist,Mounjaro,10mg,689.99,,https://www.bargainchemist.co.nz/products/mounjaro-10mg-kwikpen?_pos=3&_psq=mounjaro&_psid=bdbb77593&_ss=e,
2026-09-04T20:22:41Z,Bargain Chemist,Mounjaro,15mg,874.99,,https://www.bargainchemist.co.nz/products/mounjaro-15mg-kwikpen?_pos=4&_psq=mounjaro&_psid=bdbb77593&_ss=e,
2026-09-04T20:22:41Z,Bargain Chemist,Mounjaro,5mg,499.99,,https://www.bargainchemist.co.nz/products/mounjaro-5mg-kwikpen?_pos=5&_psq=mounjaro&_psid=bdbb77593&_ss=e,
2026-09-04T20:22:41Z,Bargain Chemist,Mounjaro,12.5mg,874.99,,https://www.bargainchemist.co.nz/products/mounjaro-12-5mg-kwikpen?_pos=6&_psq=mounjaro&_psid=bdbb77593&_ss=e,
2026-09-04T20:22:46Z,PillDrop,Wegovy,0.25mg,365.00,,https://pilldrop.co.nz/services/wegovy/,
2026-09-04T20:22:46Z,PillDrop,Wegovy,0.5mg,385.00,,https://pilldrop.co.nz/services/wegovy/,
2026-09-04T20:22:46Z,PillDrop,Wegovy,1.0mg,405.00,,https://pilldrop.co.nz/services/wegovy/,
2026-09-04T20:22:46Z,PillDrop,Wegovy,1.7mg,450.00,,https://pilldrop.co.nz/services/wegovy/,
2026-09-04T20:22:46Z,PillDrop,Wegovy,2.4mg,470.00,,https://pilldrop.co.nz/services/wegovy/,
2026-09-04T20:22:49Z,PillDrop,Mounjaro,2.5mg,430.00,,https://pilldrop.co.nz/services/mounjaro/,
2026-09-04T20:22:49Z,PillDrop,Mounjaro,5mg,500.00,,https://pilldrop.co.nz/services/mounjaro/,
2026-09-04T20:22:49Z,PillDrop,Mounjaro,7.5mg,690.00,,https://pilldrop.co.nz/services/mounjaro/,
2026-09-04T20:22:49Z,PillDrop,Mounjaro,10mg,690.00,,https://pilldrop.co.nz/services/mounjaro/,
2026-09-04T20:22:49Z,PillDrop,Mounjaro,12.5mg,875.00,,https://pilldrop.co.nz/services/mounjaro/,
2026-09-04T20:22:49Z,PillDrop,Mounjaro,15mg,875.00,,https://pilldrop.co.nz/services/mounjaro/,
2026-09-04T20:22:52Z,Zoom Pharmacy,Saxenda,3 x 15ml,1433.49,true,https://zoompharmacy.co.nz/shop/saxenda-liraglutide-3x15ml-injection/,
2026-09-04T20:22:52Z,Zoom Pharmacy,Saxenda,2 x 15ml,956.49,true,https://zoompharmacy.co.nz/shop/saxenda-liraglutide-2x15ml-injection/,
2026-09-04T20:22:52Z,Zoom Pharmacy,Saxenda,1 x 15ml,479.49,true,https://zoompharmacy.co.nz/shop/saxenda-liraglutide-15ml-injection/,
2026-09-04T20:22:55Z,Zoom Pharmacy,Contrave,"8mg/90mg, 112 pack",209.49,true,https://zoompharmacy.co.nz/shop/contrave-naltrexone-bupropion-hydrochloride-8mg-90mg-tablets-112-pack/,
2026-09-04T20:23:03Z,Zoom Pharmacy,Duromine,"30mg, 30 pack",96.99,true,https://zoompharmacy.co.nz/shop/duromine-30mg-capsules-30-pack/,
2026-09-04T20:23:03Z,Zoom Pharmacy,Duromine,"15mg, 30 pack",79.99,true,https://zoompharmacy.co.nz/shop/duromine-15mg-capsules-30-pack/,
2026-09-05T20:21:33Z,Chemist Warehouse,Mounjaro,2.5mg,429.99,,https://www.chemistwarehouse.co.nz/buy/165180/mounjaro-2-5mg-kwikpen,non-subsidised anchor
2026-09-05T20:21:36Z,Chemist Warehouse,Mounjaro,5mg,499.99,,https://www.chemistwarehouse.co.nz/buy/165181/mounjaro-5mg-kwikpen,non-subsidised anchor
2026-09-05T20:21:40Z,Chemist Warehouse,Mounjaro,7.5mg,689.99,,https://www.chemistwarehouse.co.nz/buy/165182/mounjaro-7-5mg-kwikpen,non-subsidised anchor
2026-09-05T20:21:43Z,Chemist Warehouse,Mounjaro,10mg,689.99,,https://www.chemistwarehouse.co.nz/buy/165183/mounjaro-10mg-kwikpen,non-subsidised anchor
2026-09-05T20:21:48Z,Chemist Warehouse,Mounjaro,12.5mg,874.99,,https://www.chemistwarehouse.co.nz/buy/165184/mounjaro-12-5mg-kwikpen,non-subsidised anchor
2026-09-05T20:21:50Z,Chemist Warehouse,Mounjaro,15mg,874.99,,https://www.chemistwarehouse.co.nz/buy/165217/mounjaro-15mg-kwikpen,non-subsidised anchor
2026-09-05T20:21:53Z,Chemist Warehouse,Wegovy,0.25mg,364.99,,https://www.chemistwarehouse.co.nz/buy/156879/wegovy-0-25mg-flexpen,non-subsidised anchor
2026-09-05T20:21:56Z,Chemist Warehouse,Wegovy,0.5mg,384.99,,https://www.chemistwarehouse.co.nz/buy/156880/wegovy-0-5mg-flexpen,non-subsidised anchor
2026-09-05T20:21:58Z,Chemist Warehouse,Wegovy,1.0mg,404.99,,https://www.chemistwarehouse.co.nz/buy/156881/wegovy-1mg-flexpen,non-subsidised anchor
2026-09-05T20:22:01Z,Chemist Warehouse,Wegovy,1.7mg,449.99,,https://www.chemistwarehouse.co.nz/buy/156882/wegovy-1-7mg-flexpen,non-subsidised anchor
2026-09-05T20:22:04Z,Chemist Warehouse,Wegovy,2.4mg,469.99,,https://www.chemistwarehouse.co.nz/buy/156883/wegovy-2-4mg-flexpen,non-subsidised anchor
2026-09-05T20:22:06Z,Bargain Chemist,Wegovy,2.4mg,469.99,,https://www.bargainchemist.co.nz/products/wegovy-24-mg-flextouch-96mg3ml?_pos=1&_psq=wegovy&_psid=73951162e&_ss=e,
2026-09-05T20:22:06Z,Bargain Chemist,Wegovy,1.7mg,449.99,,https://www.bargainchemist.co.nz/products/wegovy-17-mg-flextouch-68mg3ml?_pos=2&_psq=wegovy&_psid=73951162e&_ss=e,
2026-09-05T20:22:06Z,Bargain Chemist,Wegovy,0.25mg,364.99,,https://www.bargainchemist.co.nz/products/wegovy-025-mg-flextouch-1mg15ml?_pos=3&_psq=wegovy&_psid=73951162e&_ss=e,
2026-09-05T20:22:06Z,Bargain Chemist,Wegovy,1.0mg,409.99,,https://www.bargainchemist.co.nz/products/wegovy-1-mg-flextouch-4mg3ml?_pos=4&_psq=wegovy&_psid=73951162e&_ss=e,
2026-09-05T20:22:06Z,Bargain Chemist,Wegovy,0.5mg,389.99,,https://www.bargainchemist.co.nz/products/wegovy-05-mg-flextouch-2mg15ml?_pos=5&_psq=wegovy&_psid=73951162e&_ss=e,
2026-09-05T20:22:09Z,Bargain Chemist,Mounjaro,7.5mg,688.99,,https://www.bargainchemist.co.nz/products/mounjaro-7-5mg-kwikpen?_pos=1&_psq=mounjaro&_psid=097936b8f&_ss=e,
2026-09-05T20:22:09Z,Bargain Chemist,Mounjaro,2.5mg,429.99,,https://www.bargainchemist.co.nz/products/mounjaro-2-5mg-kwikpen?_pos=2&_psq=mounjaro&_psid=097936b8f&_ss=e,
2026-09-05T20:22:09Z,Bargain Chemist,Mounjaro,10mg,689.99,,https://www.bargainchemist.co.nz/products/mounjaro-10mg-kwikpen?_pos=3&_psq=mounjaro&_psid=097936b8f&_ss=e,
2026-09-05T20:22:09Z,Bargain Chemist,Mounjaro,15mg,874.99,,https://www.bargainchemist.co.nz/products/mounjaro-15mg-kwikpen?_pos=4&_psq=mounjaro&_psid=097936b8f&_ss=e,
2026-09-05T20:22:09Z,Bargain Chemist,Mounjaro,5mg,499.99,,https://www.bargainchemist.co.nz/products/mounjaro-5mg-kwikpen?_pos=5&_psq=mounjaro&_psid=097936b8f&_ss=e,
2026-09-05T20:22:09Z,Bargain Chemist,Mounjaro,12.5mg,874.99,,https://www.bargainchemist.co.nz/products/mounjaro-12-5mg-kwikpen?_pos=6&_psq=mounjaro&_psid=097936b8f&_ss=e,
2026-09-05T20:22:14Z,PillDrop,Wegovy,0.25mg,365.00,,https://pilldrop.co.nz/services/wegovy/,
2026-09-05T20:22:14Z,PillDrop,Wegovy,0.5mg,385.00,,https://pilldrop.co.nz/services/wegovy/,
2026-09-05T20:22:14Z,PillDrop,Wegovy,1.0mg,405.00,,https://pilldrop.co.nz/services/wegovy/,
2026-09-05T20:22:14Z,PillDrop,Wegovy,1.7mg,450.00,,https://pilldrop.co.nz/services/wegovy/,
2026-09-05T20:22:14Z,PillDrop,Wegovy,2.4mg,470.00,,https://pilldrop.co.nz/services/wegovy/,
2026-09-05T20:22:17Z,PillDrop,Mounjaro,2.5mg,430.00,,https://pilldrop.co.nz/services/mounjaro/,
2026-09-05T20:22:17Z,PillDrop,Mounjaro,5mg,500.00,,https://pilldrop.co.nz/services/mounjaro/,
2026-09-05T20:22:17Z,PillDrop,Mounjaro,7.5mg,690.00,,https://pilldrop.co.nz/services/mounjaro/,
2026-09-05T20:22:17Z,PillDrop,Mounjaro,10mg,690.00,,https://pilldrop.co.nz/services/mounjaro/,
2026-09-05T20:22:17Z,PillDrop,Mounjaro,12.5mg,875.00,,https://pilldrop.co.nz/services/mounjaro/,
2026-09-05T20:22:17Z,PillDrop,Mounjaro,15mg,875.00,,https://pilldrop.co.nz/services/mounjaro/,
2026-09-05T20:22:20Z,Zoom Pharmacy,Saxenda,3 x 15ml,1433.49,true,https://zoompharmacy.co.nz/shop/saxenda-liraglutide-3x15ml-injection/,
2026-09-05T20:22:20Z,Zoom Pharmacy,Saxenda,2 x 15ml,956.49,true,https://zoompharmacy.co.nz/shop/saxenda-liraglutide-2x15ml-injection/,
2026-09-05T20:22:20Z,Zoom Pharmacy,Saxenda,1 x 15ml,479.49,true,https://zoompharmacy.co.nz/shop/saxenda-liraglutide-15ml-injection/,
2026-09-05T20:22:23Z,Zoom Pharmacy,Contrave,"8mg/90mg, 112 pack",209.49,true,https://zoompharmacy.co.nz/shop/contrave-naltrexone-bupropion-hydrochloride-8mg-90mg-tablets-112-pack/,
2026-09-05T20:22:26Z,Zoom Pharmacy,Duromine,"30mg, 30 pack",96.99,true,https://zoompharmacy.co.nz/shop/duromine-30mg-capsules-30-pack/,
2026-09-05T20:22:26Z,Zoom Pharmacy,Duromine,"15mg, 30 pack",79.99,true,https://zoompharmacy.co.nz/shop/duromine-15mg-capsules-30-pack/,
2026-09-06T06:20:19Z,Chemist Warehouse,Mounjaro,2.5mg,429.99,,https://www.chemistwarehouse.co.nz/buy/165180/mounjaro-2-5mg-kwikpen,non-subsidised anchor
2026-09-06T06:20:21Z,Chemist Warehouse,Mounjaro,5mg,499.99,,https://www.chemistwarehouse.co.nz/buy/165181/mounjaro-5mg-kwikpen,non-subsidised anchor
2026-09-06T06:20:24Z,Chemist Warehouse,Mounjaro,7.5mg,689.99,,https://www.chemistwarehouse.co.nz/buy/165182/mounjaro-7-5mg-kwikpen,non-subsidised anchor
2026-09-06T06:20:27Z,Chemist Warehouse,Mounjaro,10mg,689.99,,https://www.chemistwarehouse.co.nz/buy/165183/mounjaro-10mg-kwikpen,non-subsidised anchor
2026-09-06T06:20:29Z,Chemist Warehouse,Mounjaro,12.5mg,874.99,,https://www.chemistwarehouse.co.nz/buy/165184/mounjaro-12-5mg-kwikpen,non-subsidised anchor
2026-09-06T06:20:32Z,Chemist Warehouse,Mounjaro,15mg,874.99,,https://www.chemistwarehouse.co.nz/buy/165217/mounjaro-15mg-kwikpen,non-subsidised anchor
2026-09-06T06:20:35Z,Chemist Warehouse,Wegovy,0.25mg,364.99,,https://www.chemistwarehouse.co.nz/buy/156879/wegovy-0-25mg-flexpen,non-subsidised anchor
2026-09-06T06:20:37Z,Chemist Warehouse,Wegovy,0.5mg,384.99,,https://www.chemistwarehouse.co.nz/buy/156880/wegovy-0-5mg-flexpen,non-subsidised anchor
2026-09-06T06:20:40Z,Chemist Warehouse,Wegovy,1.0mg,404.99,,https://www.chemistwarehouse.co.nz/buy/156881/wegovy-1mg-flexpen,non-subsidised anchor
2026-09-06T06:20:42Z,Chemist Warehouse,Wegovy,1.7mg,449.99,,https://www.chemistwarehouse.co.nz/buy/156882/wegovy-1-7mg-flexpen,non-subsidised anchor
2026-09-06T06:20:45Z,Chemist Warehouse,Wegovy,2.4mg,469.99,,https://www.chemistwarehouse.co.nz/buy/156883/wegovy-2-4mg-flexpen,non-subsidised anchor
2026-09-06T06:20:48Z,Bargain Chemist,Wegovy,2.4mg,469.99,,https://www.bargainchemist.co.nz/products/wegovy-24-mg-flextouch-96mg3ml?_pos=1&_psq=wegovy&_psid=e3a04f046&_ss=e,
2026-09-06T06:20:48Z,Bargain Chemist,Wegovy,1.7mg,449.99,,https://www.bargainchemist.co.nz/products/wegovy-17-mg-flextouch-68mg3ml?_pos=2&_psq=wegovy&_psid=e3a04f046&_ss=e,
2026-09-06T06:20:48Z,Bargain Chemist,Wegovy,0.25mg,364.99,,https://www.bargainchemist.co.nz/products/wegovy-025-mg-flextouch-1mg15ml?_pos=3&_psq=wegovy&_psid=e3a04f046&_ss=e,
2026-09-06T06:20:48Z,Bargain Chemist,Wegovy,1.0mg,409.99,,https://www.bargainchemist.co.nz/products/wegovy-1-mg-flextouch-4mg3ml?_pos=4&_psq=wegovy&_psid=e3a04f046&_ss=e,
2026-09-06T06:20:48Z,Bargain Chemist,Wegovy,0.5mg,389.99,,https://www.bargainchemist.co.nz/products/wegovy-05-mg-flextouch-2mg15ml?_pos=5&_psq=wegovy&_psid=e3a04f046&_ss=e,
2026-09-06T06:20:51Z,Bargain Chemist,Mounjaro,7.5mg,688.99,,https://www.bargainchemist.co.nz/products/mounjaro-7-5mg-kwikpen?_pos=1&_psq=mounjaro&_psid=5c796ee8d&_ss=e,
2026-09-06T06:20:51Z,Bargain Chemist,Mounjaro,2.5mg,429.99,,https://www.bargainchemist.co.nz/products/mounjaro-2-5mg-kwikpen?_pos=2&_psq=mounjaro&_psid=5c796ee8d&_ss=e,
2026-09-06T06:20:51Z,Bargain Chemist,Mounjaro,10mg,689.99,,https://www.bargainchemist.co.nz/products/mounjaro-10mg-kwikpen?_pos=3&_psq=mounjaro&_psid=5c796ee8d&_ss=e,
2026-09-06T06:20:51Z,Bargain Chemist,Mounjaro,15mg,874.99,,https://www.bargainchemist.co.nz/products/mounjaro-15mg-kwikpen?_pos=4&_psq=mounjaro&_psid=5c796ee8d&_ss=e,
2026-09-06T06:20:51Z,Bargain Chemist,Mounjaro,5mg,499.99,,https://www.bargainchemist.co.nz/products/mounjaro-5mg-kwikpen?_pos=5&_psq=mounjaro&_psid=5c796ee8d&_ss=e,
2026-09-06T06:20:51Z,Bargain Chemist,Mounjaro,12.5mg,874.99,,https://www.bargainchemist.co.nz/products/mounjaro-12-5mg-kwikpen?_pos=6&_psq=mounjaro&_psid=5c796ee8d&_ss=e,
2026-09-06T06:20:55Z,PillDrop,Wegovy,0.25mg,365.00,,https://pilldrop.co.nz/services/wegovy/,
2026-09-06T06:20:55Z,PillDrop,Wegovy,0.5mg,385.00,,https://pilldrop.co.nz/services/wegovy/,
2026-09-06T06:20:55Z,PillDrop,Wegovy,1.0mg,405.00,,https://pilldrop.co.nz/services/wegovy/,
2026-09-06T06:20:55Z,PillDrop,Wegovy,1.7mg,450.00,,https://pilldrop.co.nz/services/wegovy/,
2026-09-06T06:20:55Z,PillDrop,Wegovy,2.4mg,470.00,,https://pilldrop.co.nz/services/wegovy/,
2026-09-06T06:20:58Z,PillDrop,Mounjaro,2.5mg,430.00,,https://pilldrop.co.nz/services/mounjaro/,
2026-09-06T06:20:58Z,PillDrop,Mounjaro,5mg,500.00,,https://pilldrop.co.nz/services/mounjaro/,
2026-09-06T06:20:58Z,PillDrop,Mounjaro,7.5mg,690.00,,https://pilldrop.co.nz/services/mounjaro/,
2026-09-06T06:20:58Z,PillDrop,Mounjaro,10mg,690.00,,https://pilldrop.co.nz/services/mounjaro/,
2026-09-06T06:20:58Z,PillDrop,Mounjaro,12.5mg,875.00,,https://pilldrop.co.nz/services/mounjaro/,
2026-09-06T06:20:58Z,PillDrop,Mounjaro,15mg,875.00,,https://pilldrop.co.nz/services/mounjaro/,
2026-09-06T06:21:01Z,Zoom Pharmacy,Saxenda,3 x 15ml,1433.49,true,https://zoompharmacy.co.nz/shop/saxenda-liraglutide-3x15ml-injection/,
2026-09-06T06:21:01Z,Zoom Pharmacy,Saxenda,2 x 15ml,956.49,true,https://zoompharmacy.co.nz/shop/saxenda-liraglutide-2x15ml-injection/,
2026-09-06T06:21:01Z,Zoom Pharmacy,Saxenda,1 x 15ml,479.49,true,https://zoompharmacy.co.nz/shop/saxenda-liraglutide-15ml-injection/,
2026-09-06T06:21:05Z,Zoom Pharmacy,Contrave,"8mg/90mg, 112 pack",209.49,true,https://zoompharmacy.co.nz/shop/contrave-naltrexone-bupropion-hydrochloride-8mg-90mg-tablets-112-pack/,
2026-09-06T06:21:08Z,Zoom Pharmacy,Duromine,"30mg, 30 pack",96.99,true,https://zoompharmacy.co.nz/shop/duromine-30mg-capsules-30-pack/,
2026-09-06T06:21:08Z,Zoom Pharmacy,Duromine,"15mg, 30 pack",79.99,true,https://zoompharmacy.co.nz/shop/duromine-15mg-capsules-30-pack/,
2026-09-06T20:21:59Z,Chemist Warehouse,Mounjaro,2.5mg,429.99,,https://www.chemistwarehouse.co.nz/buy/165180/mounjaro-2-5mg-kwikpen,non-subsidised anchor
2026-09-06T20:22:02Z,Chemist Warehouse,Mounjaro,5mg,499.99,,https://www.chemistwarehouse.co.nz/buy/165181/mounjaro-5mg-kwikpen,non-subsidised anchor
2026-09-06T20:22:04Z,Chemist Warehouse,Mounjaro,7.5mg,689.99,,https://www.chemistwarehouse.co.nz/buy/165182/mounjaro-7-5mg-kwikpen,non-subsidised anchor
2026-09-06T20:22:07Z,Chemist Warehouse,Mounjaro,10mg,689.99,,https://www.chemistwarehouse.co.nz/buy/165183/mounjaro-10mg-kwikpen,non-subsidised anchor
2026-09-06T20:22:10Z,Chemist Warehouse,Mounjaro,12.5mg,874.99,,https://www.chemistwarehouse.co.nz/buy/165184/mounjaro-12-5mg-kwikpen,non-subsidised anchor
2026-09-06T20:22:13Z,Chemist Warehouse,Mounjaro,15mg,874.99,,https://www.chemistwarehouse.co.nz/buy/165217/mounjaro-15mg-kwikpen,non-subsidised anchor
2026-09-06T20:22:16Z,Chemist Warehouse,Wegovy,0.25mg,364.99,,https://www.chemistwarehouse.co.nz/buy/156879/wegovy-0-25mg-flexpen,non-subsidised anchor
2026-09-06T20:22:18Z,Chemist Warehouse,Wegovy,0.5mg,384.99,,https://www.chemistwarehouse.co.nz/buy/156880/wegovy-0-5mg-flexpen,non-subsidised anchor
2026-09-06T20:22:21Z,Chemist Warehouse,Wegovy,1.0mg,404.99,,https://www.chemistwarehouse.co.nz/buy/156881/wegovy-1mg-flexpen,non-subsidised anchor
2026-09-06T20:22:24Z,Chemist Warehouse,Wegovy,1.7mg,449.99,,https://www.chemistwarehouse.co.nz/buy/156882/wegovy-1-7mg-flexpen,non-subsidised anchor
2026-09-06T20:22:26Z,Chemist Warehouse,Wegovy,2.4mg,469.99,,https://www.chemistwarehouse.co.nz/buy/156883/wegovy-2-4mg-flexpen,non-subsidised anchor
2026-09-06T20:22:29Z,Bargain Chemist,Wegovy,2.4mg,469.99,,https://www.bargainchemist.co.nz/products/wegovy-24-mg-flextouch-96mg3ml?_pos=1&_psq=wegovy&_psid=5007ab25e&_ss=e,
2026-09-06T20:22:29Z,Bargain Chemist,Wegovy,1.7mg,449.99,,https://www.bargainchemist.co.nz/products/wegovy-17-mg-flextouch-68mg3ml?_pos=2&_psq=wegovy&_psid=5007ab25e&_ss=e,
2026-09-06T20:22:29Z,Bargain Chemist,Wegovy,0.25mg,364.99,,https://www.bargainchemist.co.nz/products/wegovy-025-mg-flextouch-1mg15ml?_pos=3&_psq=wegovy&_psid=5007ab25e&_ss=e,
2026-09-06T20:22:29Z,Bargain Chemist,Wegovy,1.0mg,409.99,,https://www.bargainchemist.co.nz/products/wegovy-1-mg-flextouch-4mg3ml?_pos=4&_psq=wegovy&_psid=5007ab25e&_ss=e,
2026-09-06T20:22:29Z,Bargain Chemist,Wegovy,0.5mg,389.99,,https://www.bargainchemist.co.nz/products/wegovy-05-mg-flextouch-2mg15ml?_pos=5&_psq=wegovy&_psid=5007ab25e&_ss=e,
2026-09-06T20:22:31Z,Bargain Chemist,Mounjaro,7.5mg,688.99,,https://www.bargainchemist.co.nz/products/mounjaro-7-5mg-kwikpen?_pos=1&_psq=mounjaro&_psid=6513f0876&_ss=e,
2026-09-06T20:22:31Z,Bargain Chemist,Mounjaro,2.5mg,429.99,,https://www.bargainchemist.co.nz/products/mounjaro-2-5mg-kwikpen?_pos=2&_psq=mounjaro&_psid=6513f0876&_ss=e,
2026-09-06T20:22:31Z,Bargain Chemist,Mounjaro,10mg,689.99,,https://www.bargainchemist.co.nz/products/mounjaro-10mg-kwikpen?_pos=3&_psq=mounjaro&_psid=6513f0876&_ss=e,
2026-09-06T20:22:31Z,Bargain Chemist,Mounjaro,15mg,874.99,,https://www.bargainchemist.co.nz/products/mounjaro-15mg-kwikpen?_pos=4&_psq=mounjaro&_psid=6513f0876&_ss=e,
2026-09-06T20:22:31Z,Bargain Chemist,Mounjaro,5mg,499.99,,https://www.bargainchemist.co.nz/products/mounjaro-5mg-kwikpen?_pos=5&_psq=mounjaro&_psid=6513f0876&_ss=e,
2026-09-06T20:22:31Z,Bargain Chemist,Mounjaro,12.5mg,874.99,,https://www.bargainchemist.co.nz/products/mounjaro-12-5mg-kwikpen?_pos=6&_psq=mounjaro&_psid=6513f0876&_ss=e,
2026-09-06T20:22:36Z,PillDrop,Wegovy,0.25mg,365.00,,https://pilldrop.co.nz/services/wegovy/,
2026-09-06T20:22:36Z,PillDrop,Wegovy,0.5mg,385.00,,https://pilldrop.co.nz/services/wegovy/,
2026-09-06T20:22:36Z,PillDrop,Wegovy,1.0mg,405.00,,https://pilldrop.co.nz/services/wegovy/,
2026-09-06T20:22:36Z,PillDrop,Wegovy,1.7mg,450.00,,https://pilldrop.co.nz/services/wegovy/,
2026-09-06T20:22:36Z,PillDrop,Wegovy,2.4mg,470.00,,https://pilldrop.co.nz/services/wegovy/,
2026-09-06T20:22:39Z,PillDrop,Mounjaro,2.5mg,430.00,,https://pilldrop.co.nz/services/mounjaro/,
2026-09-06T20:22:39Z,PillDrop,Mounjaro,5mg,500.00,,https://pilldrop.co.nz/services/mounjaro/,
2026-09-06T20:22:39Z,PillDrop,Mounjaro,7.5mg,690.00,,https://pilldrop.co.nz/services/mounjaro/,
2026-09-06T20:22:39Z,PillDrop,Mounjaro,10mg,690.00,,https://pilldrop.co.nz/services/mounjaro/,
2026-09-06T20:22:39Z,PillDrop,Mounjaro,12.5mg,875.00,,https://pilldrop.co.nz/services/mounjaro/,
2026-09-06T20:22:39Z,PillDrop,Mounjaro,15mg,875.00,,https://pilldrop.co.nz/services/mounjaro/,
2026-09-06T20:22:42Z,Zoom Pharmacy,Saxenda,3 x 15ml,1433.49,true,https://zoompharmacy.co.nz/shop/saxenda-liraglutide-3x15ml-injection/,
2026-09-06T20:22:42Z,Zoom Pharmacy,Saxenda,2 x 15ml,956.49,true,https://zoompharmacy.co.nz/shop/saxenda-liraglutide-2x15ml-injection/,
2026-09-06T20:22:42Z,Zoom Pharmacy,Saxenda,1 x 15ml,479.49,true,https://zoompharmacy.co.nz/shop/saxenda-liraglutide-15ml-injection/,
2026-09-06T20:22:45Z,Zoom Pharmacy,Contrave,"8mg/90mg, 112 pack",209.49,true,https://zoompharmacy.co.nz/shop/contrave-naltrexone-bupropion-hydrochloride-8mg-90mg-tablets-112-pack/,
2026-09-06T20:22:48Z,Zoom Pharmacy,Duromine,"30mg, 30 pack",96.99,true,https://zoompharmacy.co.nz/shop/duromine-30mg-capsules-30-pack/,
2026-09-06T20:22:48Z,Zoom Pharmacy,Duromine,"15mg, 30 pack",79.99,true,https://zoompharmacy.co.nz/shop/duromine-15mg-capsules-30-pack/,
2026-09-07T20:22:53Z,Chemist Warehouse,Mounjaro,2.5mg,429.99,,https://www.chemistwarehouse.co.nz/buy/165180/mounjaro-2-5mg-kwikpen,non-subsidised anchor
2026-09-07T20:22:56Z,Chemist Warehouse,Mounjaro,5mg,499.99,,https://www.chemistwarehouse.co.nz/buy/165181/mounjaro-5mg-kwikpen,non-subsidised anchor
2026-09-07T20:22:58Z,Chemist Warehouse,Mounjaro,7.5mg,689.99,,https://www.chemistwarehouse.co.nz/buy/165182/mounjaro-7-5mg-kwikpen,non-subsidised anchor
2026-09-07T20:23:01Z,Chemist Warehouse,Mounjaro,10mg,689.99,,https://www.chemistwarehouse.co.nz/buy/165183/mounjaro-10mg-kwikpen,non-subsidised anchor
2026-09-07T20:23:06Z,Chemist Warehouse,Mounjaro,12.5mg,874.99,,https://www.chemistwarehouse.co.nz/buy/165184/mounjaro-12-5mg-kwikpen,non-subsidised anchor
2026-09-07T20:23:09Z,Chemist Warehouse,Mounjaro,15mg,874.99,,https://www.chemistwarehouse.co.nz/buy/165217/mounjaro-15mg-kwikpen,non-subsidised anchor
2026-09-07T20:23:11Z,Chemist Warehouse,Wegovy,0.25mg,364.99,,https://www.chemistwarehouse.co.nz/buy/156879/wegovy-0-25mg-flexpen,non-subsidised anchor
2026-09-07T20:23:14Z,Chemist Warehouse,Wegovy,0.5mg,384.99,,https://www.chemistwarehouse.co.nz/buy/156880/wegovy-0-5mg-flexpen,non-subsidised anchor
2026-09-07T20:23:17Z,Chemist Warehouse,Wegovy,1.0mg,404.99,,https://www.chemistwarehouse.co.nz/buy/156881/wegovy-1mg-flexpen,non-subsidised anchor
2026-09-07T20:23:19Z,Chemist Warehouse,Wegovy,1.7mg,449.99,,https://www.chemistwarehouse.co.nz/buy/156882/wegovy-1-7mg-flexpen,non-subsidised anchor
2026-09-07T20:23:22Z,Chemist Warehouse,Wegovy,2.4mg,469.99,,https://www.chemistwarehouse.co.nz/buy/156883/wegovy-2-4mg-flexpen,non-subsidised anchor
2026-09-07T20:23:24Z,Bargain Chemist,Wegovy,2.4mg,469.99,,https://www.bargainchemist.co.nz/products/wegovy-24-mg-flextouch-96mg3ml?_pos=1&_psq=wegovy&_psid=a2b74bdf9&_ss=e,
2026-09-07T20:23:24Z,Bargain Chemist,Wegovy,1.7mg,449.99,,https://www.bargainchemist.co.nz/products/wegovy-17-mg-flextouch-68mg3ml?_pos=2&_psq=wegovy&_psid=a2b74bdf9&_ss=e,
2026-09-07T20:23:24Z,Bargain Chemist,Wegovy,0.25mg,364.99,,https://www.bargainchemist.co.nz/products/wegovy-025-mg-flextouch-1mg15ml?_pos=3&_psq=wegovy&_psid=a2b74bdf9&_ss=e,
2026-09-07T20:23:24Z,Bargain Chemist,Wegovy,1.0mg,409.99,,https://www.bargainchemist.co.nz/products/wegovy-1-mg-flextouch-4mg3ml?_pos=4&_psq=wegovy&_psid=a2b74bdf9&_ss=e,
2026-09-07T20:23:24Z,Bargain Chemist,Wegovy,0.5mg,389.99,,https://www.bargainchemist.co.nz/products/wegovy-05-mg-flextouch-2mg15ml?_pos=5&_psq=wegovy&_psid=a2b74bdf9&_ss=e,
2026-09-07T20:23:27Z,Bargain Chemist,Mounjaro,7.5mg,688.99,,https://www.bargainchemist.co.nz/products/mounjaro-7-5mg-kwikpen?_pos=1&_psq=mounjaro&_psid=f70c1e846&_ss=e,
2026-09-07T20:23:27Z,Bargain Chemist,Mounjaro,2.5mg,429.99,,https://www.bargainchemist.co.nz/products/mounjaro-2-5mg-kwikpen?_pos=2&_psq=mounjaro&_psid=f70c1e846&_ss=e,
2026-09-07T20:23:27Z,Bargain Chemist,Mounjaro,10mg,689.99,,https://www.bargainchemist.co.nz/products/mounjaro-10mg-kwikpen?_pos=3&_psq=mounjaro&_psid=f70c1e846&_ss=e,
2026-09-07T20:23:27Z,Bargain Chemist,Mounjaro,15mg,874.99,,https://www.bargainchemist.co.nz/products/mounjaro-15mg-kwikpen?_pos=4&_psq=mounjaro&_psid=f70c1e846&_ss=e,
2026-09-07T20:23:27Z,Bargain Chemist,Mounjaro,5mg,499.99,,https://www.bargainchemist.co.nz/products/mounjaro-5mg-kwikpen?_pos=5&_psq=mounjaro&_psid=f70c1e846&_ss=e,
2026-09-07T20:23:27Z,Bargain Chemist,Mounjaro,12.5mg,874.99,,https://www.bargainchemist.co.nz/products/mounjaro-12-5mg-kwikpen?_pos=6&_psq=mounjaro&_psid=f70c1e846&_ss=e,
2026-09-07T20:23:32Z,PillDrop,Wegovy,0.25mg,365.00,,https://pilldrop.co.nz/services/wegovy/,
2026-09-07T20:23:32Z,PillDrop,Wegovy,0.5mg,385.00,,https://pilldrop.co.nz/services/wegovy/,
2026-09-07T20:23:32Z,PillDrop,Wegovy,1.0mg,405.00,,https://pilldrop.co.nz/services/wegovy/,
2026-09-07T20:23:32Z,PillDrop,Wegovy,1.7mg,450.00,,https://pilldrop.co.nz/services/wegovy/,
2026-09-07T20:23:32Z,PillDrop,Wegovy,2.4mg,470.00,,https://pilldrop.co.nz/services/wegovy/,
2026-09-07T20:23:34Z,PillDrop,Mounjaro,2.5mg,430.00,,https://pilldrop.co.nz/services/mounjaro/,
2026-09-07T20:23:34Z,PillDrop,Mounjaro,5mg,500.00,,https://pilldrop.co.nz/services/mounjaro/,
2026-09-07T20:23:34Z,PillDrop,Mounjaro,7.5mg,690.00,,https://pilldrop.co.nz/services/mounjaro/,
2026-09-07T20:23:34Z,PillDrop,Mounjaro,10mg,690.00,,https://pilldrop.co.nz/services/mounjaro/,
2026-09-07T20:23:34Z,PillDrop,Mounjaro,12.5mg,875.00,,https://pilldrop.co.nz/services/mounjaro/,
2026-09-07T20:23:34Z,PillDrop,Mounjaro,15mg,875.00,,https://pilldrop.co.nz/services/mounjaro/,
2026-09-07T20:23:37Z,Zoom Pharmacy,Saxenda,3 x 15ml,1433.49,true,https://zoompharmacy.co.nz/shop/saxenda-liraglutide-3x15ml-injection/,
2026-09-07T20:23:37Z,Zoom Pharmacy,Saxenda,2 x 15ml,956.49,true,https://zoompharmacy.co.nz/shop/saxenda-liraglutide-2x15ml-injection/,
2026-09-07T20:23:37Z,Zoom Pharmacy,Saxenda,1 x 15ml,479.49,true,https://zoompharmacy.co.nz/shop/saxenda-liraglutide-15ml-injection/,
2026-09-07T20:23:40Z,Zoom Pharmacy,Contrave,"8mg/90mg, 112 pack",209.49,true,https://zoompharmacy.co.nz/shop/contrave-naltrexone-bupropion-hydrochloride-8mg-90mg-tablets-112-pack/,
2026-09-07T20:23:42Z,Zoom Pharmacy,Duromine,"30mg, 30 pack",96.99,true,https://zoompharmacy.co.nz/shop/duromine-30mg-capsules-30-pack/,
2026-09-07T20:23:42Z,Zoom Pharmacy,Duromine,"15mg, 30 pack",79.99,true,https://zoompharmacy.co.nz/shop/duromine-15mg-capsules-30-pack/,
2026-09-08T20:23:02Z,Chemist Warehouse,Mounjaro,2.5mg,429.99,,https://www.chemistwarehouse.co.nz/buy/165180/mounjaro-2-5mg-kwikpen,non-subsidised anchor
2026-09-08T20:23:07Z,Chemist Warehouse,Mounjaro,5mg,499.99,,https://www.chemistwarehouse.co.nz/buy/165181/mounjaro-5mg-kwikpen,non-subsidised anchor
2026-09-08T20:23:12Z,Chemist Warehouse,Mounjaro,7.5mg,689.99,,https://www.chemistwarehouse.co.nz/buy/165182/mounjaro-7-5mg-kwikpen,non-subsidised anchor
2026-09-08T20:23:15Z,Chemist Warehouse,Mounjaro,10mg,689.99,,https://www.chemistwarehouse.co.nz/buy/165183/mounjaro-10mg-kwikpen,non-subsidised anchor
2026-09-08T20:23:18Z,Chemist Warehouse,Mounjaro,12.5mg,874.99,,https://www.chemistwarehouse.co.nz/buy/165184/mounjaro-12-5mg-kwikpen,non-subsidised anchor
2026-09-08T20:23:21Z,Chemist Warehouse,Mounjaro,15mg,874.99,,https://www.chemistwarehouse.co.nz/buy/165217/mounjaro-15mg-kwikpen,non-subsidised anchor
2026-09-08T20:23:23Z,Chemist Warehouse,Wegovy,0.25mg,364.99,,https://www.chemistwarehouse.co.nz/buy/156879/wegovy-0-25mg-flexpen,non-subsidised anchor
2026-09-08T20:23:26Z,Chemist Warehouse,Wegovy,0.5mg,384.99,,https://www.chemistwarehouse.co.nz/buy/156880/wegovy-0-5mg-flexpen,non-subsidised anchor
2026-09-08T20:23:28Z,Chemist Warehouse,Wegovy,1.0mg,404.99,,https://www.chemistwarehouse.co.nz/buy/156881/wegovy-1mg-flexpen,non-subsidised anchor
2026-09-08T20:23:31Z,Chemist Warehouse,Wegovy,1.7mg,449.99,,https://www.chemistwarehouse.co.nz/buy/156882/wegovy-1-7mg-flexpen,non-subsidised anchor
2026-09-08T20:23:34Z,Chemist Warehouse,Wegovy,2.4mg,469.99,,https://www.chemistwarehouse.co.nz/buy/156883/wegovy-2-4mg-flexpen,non-subsidised anchor
2026-09-08T20:23:37Z,Bargain Chemist,Wegovy,2.4mg,469.99,,https://www.bargainchemist.co.nz/products/wegovy-24-mg-flextouch-96mg3ml?_pos=1&_psq=wegovy&_psid=aa5511c6d&_ss=e,
2026-09-08T20:23:37Z,Bargain Chemist,Wegovy,1.7mg,449.99,,https://www.bargainchemist.co.nz/products/wegovy-17-mg-flextouch-68mg3ml?_pos=2&_psq=wegovy&_psid=aa5511c6d&_ss=e,
2026-09-08T20:23:37Z,Bargain Chemist,Wegovy,0.25mg,364.99,,https://www.bargainchemist.co.nz/products/wegovy-025-mg-flextouch-1mg15ml?_pos=3&_psq=wegovy&_psid=aa5511c6d&_ss=e,
2026-09-08T20:23:37Z,Bargain Chemist,Wegovy,1.0mg,409.99,,https://www.bargainchemist.co.nz/products/wegovy-1-mg-flextouch-4mg3ml?_pos=4&_psq=wegovy&_psid=aa5511c6d&_ss=e,
2026-09-08T20:23:37Z,Bargain Chemist,Wegovy,0.5mg,389.99,,https://www.bargainchemist.co.nz/products/wegovy-05-mg-flextouch-2mg15ml?_pos=5&_psq=wegovy&_psid=aa5511c6d&_ss=e,
2026-09-08T20:23:39Z,Bargain Chemist,Mounjaro,7.5mg,688.99,,https://www.bargainchemist.co.nz/products/mounjaro-7-5mg-kwikpen?_pos=1&_psq=mounjaro&_psid=5450c14e4&_ss=e,
2026-09-08T20:23:39Z,Bargain Chemist,Mounjaro,2.5mg,429.99,,https://www.bargainchemist.co.nz/products/mounjaro-2-5mg-kwikpen?_pos=2&_psq=mounjaro&_psid=5450c14e4&_ss=e,
2026-09-08T20:23:39Z,Bargain Chemist,Mounjaro,10mg,689.99,,https://www.bargainchemist.co.nz/products/mounjaro-10mg-kwikpen?_pos=3&_psq=mounjaro&_psid=5450c14e4&_ss=e,
2026-09-08T20:23:39Z,Bargain Chemist,Mounjaro,15mg,874.99,,https://www.bargainchemist.co.nz/products/mounjaro-15mg-kwikpen?_pos=4&_psq=mounjaro&_psid=5450c14e4&_ss=e,
2026-09-08T20:23:39Z,Bargain Chemist,Mounjaro,5mg,499.99,,https://www.bargainchemist.co.nz/products/mounjaro-5mg-kwikpen?_pos=5&_psq=mounjaro&_psid=5450c14e4&_ss=e,
2026-09-08T20:23:39Z,Bargain Chemist,Mounjaro,12.5mg,874.99,,https://www.bargainchemist.co.nz/products/mounjaro-12-5mg-kwikpen?_pos=6&_psq=mounjaro&_psid=5450c14e4&_ss=e,
2026-09-08T20:23:44Z,PillDrop,Wegovy,0.25mg,365.00,,https://pilldrop.co.nz/services/wegovy/,
2026-09-08T20:23:44Z,PillDrop,Wegovy,0.5mg,385.00,,https://pilldrop.co.nz/services/wegovy/,
2026-09-08T20:23:44Z,PillDrop,Wegovy,1.0mg,405.00,,https://pilldrop.co.nz/services/wegovy/,
2026-09-08T20:23:44Z,PillDrop,Wegovy,1.7mg,450.00,,https://pilldrop.co.nz/services/wegovy/,
2026-09-08T20:23:44Z,PillDrop,Wegovy,2.4mg,470.00,,https://pilldrop.co.nz/services/wegovy/,
2026-09-08T20:23:47Z,PillDrop,Mounjaro,2.5mg,430.00,,https://pilldrop.co.nz/services/mounjaro/,
2026-09-08T20:23:47Z,PillDrop,Mounjaro,5mg,500.00,,https://pilldrop.co.nz/services/mounjaro/,
2026-09-08T20:23:47Z,PillDrop,Mounjaro,7.5mg,690.00,,https://pilldrop.co.nz/services/mounjaro/,
2026-09-08T20:23:47Z,PillDrop,Mounjaro,10mg,690.00,,https://pilldrop.co.nz/services/mounjaro/,
2026-09-08T20:23:47Z,PillDrop,Mounjaro,12.5mg,875.00,,https://pilldrop.co.nz/services/mounjaro/,
2026-09-08T20:23:47Z,PillDrop,Mounjaro,15mg,875.00,,https://pilldrop.co.nz/services/mounjaro/,
2026-09-08T20:23:50Z,Zoom Pharmacy,Saxenda,3 x 15ml,1433.49,true,https://zoompharmacy.co.nz/shop/saxenda-liraglutide-3x15ml-injection/,
2026-09-08T20:23:50Z,Zoom Pharmacy,Saxenda,2 x 15ml,956.49,true,https://zoompharmacy.co.nz/shop/saxenda-liraglutide-2x15ml-injection/,
2026-09-08T20:23:50Z,Zoom Pharmacy,Saxenda,1 x 15ml,479.49,true,https://zoompharmacy.co.nz/shop/saxenda-liraglutide-15ml-injection/,
2026-09-08T20:23:52Z,Zoom Pharmacy,Contrave,"8mg/90mg, 112 pack",209.49,true,https://zoompharmacy.co.nz/shop/contrave-naltrexone-bupropion-hydrochloride-8mg-90mg-tablets-112-pack/,
2026-09-08T20:23:55Z,Zoom Pharmacy,Duromine,"30mg, 30 pack",96.99,true,https://zoompharmacy.co.nz/shop/duromine-30mg-capsules-30-pack/,
2026-09-08T20:23:55Z,Zoom Pharmacy,Duromine,"15mg, 30 pack",79.99,true,https://zoompharmacy.co.nz/shop/duromine-15mg-capsules-30-pack/,
2026-09-09T20:23:23Z,Chemist Warehouse,Mounjaro,2.5mg,429.99,,https://www.chemistwarehouse.co.nz/buy/165180/mounjaro-2-5mg-kwikpen,non-subsidised anchor
2026-09-09T20:23:26Z,Chemist Warehouse,Mounjaro,5mg,499.99,,https://www.chemistwarehouse.co.nz/buy/165181/mounjaro-5mg-kwikpen,non-subsidised anchor
2026-09-09T20:23:28Z,Chemist Warehouse,Mounjaro,7.5mg,689.99,,https://www.chemistwarehouse.co.nz/buy/165182/mounjaro-7-5mg-kwikpen,non-subsidised anchor
2026-09-09T20:23:31Z,Chemist Warehouse,Mounjaro,10mg,689.99,,https://www.chemistwarehouse.co.nz/buy/165183/mounjaro-10mg-kwikpen,non-subsidised anchor
2026-09-09T20:23:34Z,Chemist Warehouse,Mounjaro,12.5mg,874.99,,https://www.chemistwarehouse.co.nz/buy/165184/mounjaro-12-5mg-kwikpen,non-subsidised anchor
2026-09-09T20:23:37Z,Chemist Warehouse,Mounjaro,15mg,874.99,,https://www.chemistwarehouse.co.nz/buy/165217/mounjaro-15mg-kwikpen,non-subsidised anchor
2026-09-09T20:23:40Z,Chemist Warehouse,Wegovy,0.25mg,364.99,,https://www.chemistwarehouse.co.nz/buy/156879/wegovy-0-25mg-flexpen,non-subsidised anchor
2026-09-09T20:23:43Z,Chemist Warehouse,Wegovy,0.5mg,384.99,,https://www.chemistwarehouse.co.nz/buy/156880/wegovy-0-5mg-flexpen,non-subsidised anchor
2026-09-09T20:23:46Z,Chemist Warehouse,Wegovy,1.0mg,404.99,,https://www.chemistwarehouse.co.nz/buy/156881/wegovy-1mg-flexpen,non-subsidised anchor
2026-09-09T20:23:49Z,Chemist Warehouse,Wegovy,1.7mg,449.99,,https://www.chemistwarehouse.co.nz/buy/156882/wegovy-1-7mg-flexpen,non-subsidised anchor
2026-09-09T20:23:52Z,Chemist Warehouse,Wegovy,2.4mg,469.99,,https://www.chemistwarehouse.co.nz/buy/156883/wegovy-2-4mg-flexpen,non-subsidised anchor
2026-09-09T20:23:55Z,Bargain Chemist,Wegovy,2.4mg,469.99,,https://www.bargainchemist.co.nz/products/wegovy-24-mg-flextouch-96mg3ml?_pos=1&_psq=wegovy&_psid=33b9bdaa1&_ss=e,
2026-09-09T20:23:55Z,Bargain Chemist,Wegovy,0.25mg,364.99,,https://www.bargainchemist.co.nz/products/wegovy-025-mg-flextouch-1mg15ml?_pos=2&_psq=wegovy&_psid=33b9bdaa1&_ss=e,
2026-09-09T20:23:55Z,Bargain Chemist,Wegovy,1.7mg,449.99,,https://www.bargainchemist.co.nz/products/wegovy-17-mg-flextouch-68mg3ml?_pos=3&_psq=wegovy&_psid=33b9bdaa1&_ss=e,
2026-09-09T20:23:55Z,Bargain Chemist,Wegovy,1.0mg,409.99,,https://www.bargainchemist.co.nz/products/wegovy-1-mg-flextouch-4mg3ml?_pos=4&_psq=wegovy&_psid=33b9bdaa1&_ss=e,
2026-09-09T20:23:55Z,Bargain Chemist,Wegovy,0.5mg,389.99,,https://www.bargainchemist.co.nz/products/wegovy-05-mg-flextouch-2mg15ml?_pos=5&_psq=wegovy&_psid=33b9bdaa1&_ss=e,
2026-09-09T20:23:57Z,Bargain Chemist,Mounjaro,2.5mg,429.99,,https://www.bargainchemist.co.nz/products/mounjaro-2-5mg-kwikpen?_pos=1&_psq=mounjaro&_psid=665932fb6&_ss=e,
2026-09-09T20:23:57Z,Bargain Chemist,Mounjaro,7.5mg,688.99,,https://www.bargainchemist.co.nz/products/mounjaro-7-5mg-kwikpen?_pos=2&_psq=mounjaro&_psid=665932fb6&_ss=e,
2026-09-09T20:23:57Z,Bargain Chemist,Mounjaro,15mg,874.99,,https://www.bargainchemist.co.nz/products/mounjaro-15mg-kwikpen?_pos=3&_psq=mounjaro&_psid=665932fb6&_ss=e,
2026-09-09T20:23:57Z,Bargain Chemist,Mounjaro,12.5mg,874.99,,https://www.bargainchemist.co.nz/products/mounjaro-12-5mg-kwikpen?_pos=4&_psq=mounjaro&_psid=665932fb6&_ss=e,
2026-09-09T20:23:57Z,Bargain Chemist,Mounjaro,5mg,499.99,,https://www.bargainchemist.co.nz/products/mounjaro-5mg-kwikpen?_pos=5&_psq=mounjaro&_psid=665932fb6&_ss=e,
2026-09-09T20:23:57Z,Bargain Chemist,Mounjaro,10mg,689.99,,https://www.bargainchemist.co.nz/products/mounjaro-10mg-kwikpen?_pos=6&_psq=mounjaro&_psid=665932fb6&_ss=e,
2026-09-09T20:24:02Z,PillDrop,Wegovy,0.25mg,365.00,,https://pilldrop.co.nz/services/wegovy/,
2026-09-09T20:24:02Z,PillDrop,Wegovy,0.5mg,385.00,,https://pilldrop.co.nz/services/wegovy/,
2026-09-09T20:24:02Z,PillDrop,Wegovy,1.0mg,405.00,,https://pilldrop.co.nz/services/wegovy/,
2026-09-09T20:24:02Z,PillDrop,Wegovy,1.7mg,450.00,,https://pilldrop.co.nz/services/wegovy/,
2026-09-09T20:24:02Z,PillDrop,Wegovy,2.4mg,470.00,,https://pilldrop.co.nz/services/wegovy/,
2026-09-09T20:24:05Z,PillDrop,Mounjaro,2.5mg,430.00,,https://pilldrop.co.nz/services/mounjaro/,
2026-09-09T20:24:05Z,PillDrop,Mounjaro,5mg,500.00,,https://pilldrop.co.nz/services/mounjaro/,
2026-09-09T20:24:05Z,PillDrop,Mounjaro,7.5mg,690.00,,https://pilldrop.co.nz/services/mounjaro/,
2026-09-09T20:24:05Z,PillDrop,Mounjaro,10mg,690.00,,https://pilldrop.co.nz/services/mounjaro/,
2026-09-09T20:24:05Z,PillDrop,Mounjaro,12.5mg,875.00,,https://pilldrop.co.nz/services/mounjaro/,
2026-09-09T20:24:05Z,PillDrop,Mounjaro,15mg,875.00,,https://pilldrop.co.nz/services/mounjaro/,
2026-09-09T20:24:08Z,Zoom Pharmacy,Saxenda,3 x 15ml,1433.49,true,https://zoompharmacy.co.nz/shop/saxenda-liraglutide-3x15ml-injection/,
2026-09-09T20:24:08Z,Zoom Pharmacy,Saxenda,2 x 15ml,956.49,true,https://zoompharmacy.co.nz/shop/saxenda-liraglutide-2x15ml-injection/,
2026-09-09T20:24:08Z,Zoom Pharmacy,Saxenda,1 x 15ml,479.49,true,https://zoompharmacy.co.nz/shop/saxenda-liraglutide-15ml-injection/,
2026-09-09T20:24:10Z,Zoom Pharmacy,Contrave,"8mg/90mg, 112 pack",209.49,true,https://zoompharmacy.co.nz/shop/contrave-naltrexone-bupropion-hydrochloride-8mg-90mg-tablets-112-pack/,
2026-09-09T20:24:13Z,Zoom Pharmacy,Duromine,"30mg, 30 pack",96.99,true,https://zoompharmacy.co.nz/shop/duromine-30mg-capsules-30-pack/,
2026-09-09T20:24:13Z,Zoom Pharmacy,Duromine,"15mg, 30 pack",79.99,true,https://zoompharmacy.co.nz/shop/duromine-15mg-capsules-30-pack/,
2026-09-10T20:21:33Z,Chemist Warehouse,Mounjaro,2.5mg,429.99,,https://www.chemistwarehouse.co.nz/buy/165180/mounjaro-2-5mg-kwikpen,non-subsidised anchor
2026-09-10T20:21:36Z,Chemist Warehouse,Mounjaro,5mg,499.99,,https://www.chemistwarehouse.co.nz/buy/165181/mounjaro-5mg-kwikpen,non-subsidised anchor
2026-09-10T20:21:38Z,Chemist Warehouse,Mounjaro,7.5mg,689.99,,https://www.chemistwarehouse.co.nz/buy/165182/mounjaro-7-5mg-kwikpen,non-subsidised anchor
2026-09-10T20:21:41Z,Chemist Warehouse,Mounjaro,10mg,689.99,,https://www.chemistwarehouse.co.nz/buy/165183/mounjaro-10mg-kwikpen,non-subsidised anchor
2026-09-10T20:21:44Z,Chemist Warehouse,Mounjaro,12.5mg,874.99,,https://www.chemistwarehouse.co.nz/buy/165184/mounjaro-12-5mg-kwikpen,non-subsidised anchor
2026-09-10T20:21:46Z,Chemist Warehouse,Mounjaro,15mg,874.99,,https://www.chemistwarehouse.co.nz/buy/165217/mounjaro-15mg-kwikpen,non-subsidised anchor
2026-09-10T20:21:51Z,Chemist Warehouse,Wegovy,0.25mg,364.99,,https://www.chemistwarehouse.co.nz/buy/156879/wegovy-0-25mg-flexpen,non-subsidised anchor
2026-09-10T20:21:53Z,Chemist Warehouse,Wegovy,0.5mg,384.99,,https://www.chemistwarehouse.co.nz/buy/156880/wegovy-0-5mg-flexpen,non-subsidised anchor
2026-09-10T20:21:56Z,Chemist Warehouse,Wegovy,1.0mg,404.99,,https://www.chemistwarehouse.co.nz/buy/156881/wegovy-1mg-flexpen,non-subsidised anchor
2026-09-10T20:21:59Z,Chemist Warehouse,Wegovy,1.7mg,449.99,,https://www.chemistwarehouse.co.nz/buy/156882/wegovy-1-7mg-flexpen,non-subsidised anchor
2026-09-10T20:22:01Z,Chemist Warehouse,Wegovy,2.4mg,469.99,,https://www.chemistwarehouse.co.nz/buy/156883/wegovy-2-4mg-flexpen,non-subsidised anchor
2026-09-10T20:22:04Z,Bargain Chemist,Wegovy,2.4mg,469.99,,https://www.bargainchemist.co.nz/products/wegovy-24-mg-flextouch-96mg3ml?_pos=1&_psq=wegovy&_psid=df0d999c4&_ss=e,
2026-09-10T20:22:04Z,Bargain Chemist,Wegovy,0.25mg,364.99,,https://www.bargainchemist.co.nz/products/wegovy-025-mg-flextouch-1mg15ml?_pos=2&_psq=wegovy&_psid=df0d999c4&_ss=e,
2026-09-10T20:22:04Z,Bargain Chemist,Wegovy,1.7mg,449.99,,https://www.bargainchemist.co.nz/products/wegovy-17-mg-flextouch-68mg3ml?_pos=3&_psq=wegovy&_psid=df0d999c4&_ss=e,
2026-09-10T20:22:04Z,Bargain Chemist,Wegovy,1.0mg,409.99,,https://www.bargainchemist.co.nz/products/wegovy-1-mg-flextouch-4mg3ml?_pos=4&_psq=wegovy&_psid=df0d999c4&_ss=e,
2026-09-10T20:22:04Z,Bargain Chemist,Wegovy,0.5mg,389.99,,https://www.bargainchemist.co.nz/products/wegovy-05-mg-flextouch-2mg15ml?_pos=5&_psq=wegovy&_psid=df0d999c4&_ss=e,
2026-09-10T20:22:06Z,Bargain Chemist,Mounjaro,2.5mg,429.99,,https://www.bargainchemist.co.nz/products/mounjaro-2-5mg-kwikpen?_pos=1&_psq=mounjaro&_psid=f6eb078bd&_ss=e,
2026-09-10T20:22:06Z,Bargain Chemist,Mounjaro,7.5mg,688.99,,https://www.bargainchemist.co.nz/products/mounjaro-7-5mg-kwikpen?_pos=2&_psq=mounjaro&_psid=f6eb078bd&_ss=e,
2026-09-10T20:22:06Z,Bargain Chemist,Mounjaro,15mg,874.99,,https://www.bargainchemist.co.nz/products/mounjaro-15mg-kwikpen?_pos=3&_psq=mounjaro&_psid=f6eb078bd&_ss=e,
2026-09-10T20:22:06Z,Bargain Chemist,Mounjaro,12.5mg,874.99,,https://www.bargainchemist.co.nz/products/mounjaro-12-5mg-kwikpen?_pos=4&_psq=mounjaro&_psid=f6eb078bd&_ss=e,
2026-09-10T20:22:06Z,Bargain Chemist,Mounjaro,5mg,499.99,,https://www.bargainchemist.co.nz/products/mounjaro-5mg-kwikpen?_pos=5&_psq=mounjaro&_psid=f6eb078bd&_ss=e,
2026-09-10T20:22:06Z,Bargain Chemist,Mounjaro,10mg,689.99,,https://www.bargainchemist.co.nz/products/mounjaro-10mg-kwikpen?_pos=6&_psq=mounjaro&_psid=f6eb078bd&_ss=e,
2026-09-10T20:22:11Z,PillDrop,Wegovy,0.25mg,365.00,,https://pilldrop.co.nz/services/wegovy/,
2026-09-10T20:22:11Z,PillDrop,Wegovy,0.5mg,385.00,,https://pilldrop.co.nz/services/wegovy/,
2026-09-10T20:22:11Z,PillDrop,Wegovy,1.0mg,405.00,,https://pilldrop.co.nz/services/wegovy/,
2026-09-10T20:22:11Z,PillDrop,Wegovy,1.7mg,450.00,,https://pilldrop.co.nz/services/wegovy/,
2026-09-10T20:22:11Z,PillDrop,Wegovy,2.4mg,470.00,,https://pilldrop.co.nz/services/wegovy/,
2026-09-10T20:22:14Z,PillDrop,Mounjaro,2.5mg,430.00,,https://pilldrop.co.nz/services/mounjaro/,
2026-09-10T20:22:14Z,PillDrop,Mounjaro,5mg,500.00,,https://pilldrop.co.nz/services/mounjaro/,
2026-09-10T20:22:14Z,PillDrop,Mounjaro,7.5mg,690.00,,https://pilldrop.co.nz/services/mounjaro/,
2026-09-10T20:22:14Z,PillDrop,Mounjaro,10mg,690.00,,https://pilldrop.co.nz/services/mounjaro/,
2026-09-10T20:22:14Z,PillDrop,Mounjaro,12.5mg,875.00,,https://pilldrop.co.nz/services/mounjaro/,
2026-09-10T20:22:14Z,PillDrop,Mounjaro,15mg,875.00,,https://pilldrop.co.nz/services/mounjaro/,
2026-09-10T20:22:16Z,Zoom Pharmacy,Saxenda,3 x 15ml,1433.49,true,https://zoompharmacy.co.nz/shop/saxenda-liraglutide-3x15ml-injection/,
2026-09-10T20:22:16Z,Zoom Pharmacy,Saxenda,2 x 15ml,956.49,true,https://zoompharmacy.co.nz/shop/saxenda-liraglutide-2x15ml-injection/,
2026-09-10T20:22:16Z,Zoom Pharmacy,Saxenda,1 x 15ml,479.49,true,https://zoompharmacy.co.nz/shop/saxenda-liraglutide-15ml-injection/,
2026-09-10T20:22:19Z,Zoom Pharmacy,Contrave,"8mg/90mg, 112 pack",209.49,true,https://zoompharmacy.co.nz/shop/contrave-naltrexone-bupropion-hydrochloride-8mg-90mg-tablets-112-pack/,
2026-09-10T20:22:22Z,Zoom Pharmacy,Duromine,"30mg, 30 pack",96.99,true,https://zoompharmacy.co.nz/shop/duromine-30mg-capsules-30-pack/,
2026-09-10T20:22:22Z,Zoom Pharmacy,Duromine,"15mg, 30 pack",79.99,true,https://zoompharmacy.co.nz/shop/duromine-15mg-capsules-30-pack/,
2026-09-11T20:22:41Z,Chemist Warehouse,Mounjaro,2.5mg,429.99,,https://www.chemistwarehouse.co.nz/buy/165180/mounjaro-2-5mg-kwikpen,non-subsidised anchor
2026-09-11T20:22:43Z,Chemist Warehouse,Mounjaro,5mg,499.99,,https://www.chemistwarehouse.co.nz/buy/165181/mounjaro-5mg-kwikpen,non-subsidised anchor
2026-09-11T20:22:46Z,Chemist Warehouse,Mounjaro,7.5mg,689.99,,https://www.chemistwarehouse.co.nz/buy/165182/mounjaro-7-5mg-kwikpen,non-subsidised anchor
2026-09-11T20:22:49Z,Chemist Warehouse,Mounjaro,10mg,689.99,,https://www.chemistwarehouse.co.nz/buy/165183/mounjaro-10mg-kwikpen,non-subsidised anchor
2026-09-11T20:22:51Z,Chemist Warehouse,Mounjaro,12.5mg,874.99,,https://www.chemistwarehouse.co.nz/buy/165184/mounjaro-12-5mg-kwikpen,non-subsidised anchor
2026-09-11T20:22:54Z,Chemist Warehouse,Mounjaro,15mg,874.99,,https://www.chemistwarehouse.co.nz/buy/165217/mounjaro-15mg-kwikpen,non-subsidised anchor
2026-09-11T20:22:58Z,Chemist Warehouse,Wegovy,0.25mg,364.99,,https://www.chemistwarehouse.co.nz/buy/156879/wegovy-0-25mg-flexpen,non-subsidised anchor
2026-09-11T20:23:00Z,Chemist Warehouse,Wegovy,0.5mg,384.99,,https://www.chemistwarehouse.co.nz/buy/156880/wegovy-0-5mg-flexpen,non-subsidised anchor
2026-09-11T20:23:03Z,Chemist Warehouse,Wegovy,1.0mg,404.99,,https://www.chemistwarehouse.co.nz/buy/156881/wegovy-1mg-flexpen,non-subsidised anchor
2026-09-11T20:23:06Z,Chemist Warehouse,Wegovy,1.7mg,449.99,,https://www.chemistwarehouse.co.nz/buy/156882/wegovy-1-7mg-flexpen,non-subsidised anchor
2026-09-11T20:23:08Z,Chemist Warehouse,Wegovy,2.4mg,469.99,,https://www.chemistwarehouse.co.nz/buy/156883/wegovy-2-4mg-flexpen,non-subsidised anchor
2026-09-11T20:23:11Z,Bargain Chemist,Wegovy,2.4mg,469.99,,https://www.bargainchemist.co.nz/products/wegovy-24-mg-flextouch-96mg3ml?_pos=1&_psq=wegovy&_psid=0fcdfb326&_ss=e,
2026-09-11T20:23:11Z,Bargain Chemist,Wegovy,0.25mg,364.99,,https://www.bargainchemist.co.nz/products/wegovy-025-mg-flextouch-1mg15ml?_pos=2&_psq=wegovy&_psid=0fcdfb326&_ss=e,
2026-09-11T20:23:11Z,Bargain Chemist,Wegovy,1.7mg,449.99,,https://www.bargainchemist.co.nz/products/wegovy-17-mg-flextouch-68mg3ml?_pos=3&_psq=wegovy&_psid=0fcdfb326&_ss=e,
2026-09-11T20:23:11Z,Bargain Chemist,Wegovy,1.0mg,409.99,,https://www.bargainchemist.co.nz/products/wegovy-1-mg-flextouch-4mg3ml?_pos=4&_psq=wegovy&_psid=0fcdfb326&_ss=e,
2026-09-11T20:23:11Z,Bargain Chemist,Wegovy,0.5mg,389.99,,https://www.bargainchemist.co.nz/products/wegovy-05-mg-flextouch-2mg15ml?_pos=5&_psq=wegovy&_psid=0fcdfb326&_ss=e,
2026-09-11T20:23:14Z,Bargain Chemist,Mounjaro,2.5mg,429.99,,https://www.bargainchemist.co.nz/products/mounjaro-2-5mg-kwikpen?_pos=1&_psq=mounjaro&_psid=b2414a327&_ss=e,
2026-09-11T20:23:14Z,Bargain Chemist,Mounjaro,7.5mg,688.99,,https://www.bargainchemist.co.nz/products/mounjaro-7-5mg-kwikpen?_pos=2&_psq=mounjaro&_psid=b2414a327&_ss=e,
2026-09-11T20:23:14Z,Bargain Chemist,Mounjaro,15mg,874.99,,https://www.bargainchemist.co.nz/products/mounjaro-15mg-kwikpen?_pos=3&_psq=mounjaro&_psid=b2414a327&_ss=e,
2026-09-11T20:23:14Z,Bargain Chemist,Mounjaro,12.5mg,874.99,,https://www.bargainchemist.co.nz/products/mounjaro-12-5mg-kwikpen?_pos=4&_psq=mounjaro&_psid=b2414a327&_ss=e,
2026-09-11T20:23:14Z,Bargain Chemist,Mounjaro,5mg,499.99,,https://www.bargainchemist.co.nz/products/mounjaro-5mg-kwikpen?_pos=5&_psq=mounjaro&_psid=b2414a327&_ss=e,
2026-09-11T20:23:14Z,Bargain Chemist,Mounjaro,10mg,689.99,,https://www.bargainchemist.co.nz/products/mounjaro-10mg-kwikpen?_pos=6&_psq=mounjaro&_psid=b2414a327&_ss=e,
2026-09-11T20:23:20Z,PillDrop,Wegovy,0.25mg,365.00,,https://pilldrop.co.nz/services/wegovy/,
2026-09-11T20:23:20Z,PillDrop,Wegovy,0.5mg,385.00,,https://pilldrop.co.nz/services/wegovy/,
2026-09-11T20:23:20Z,PillDrop,Wegovy,1.0mg,405.00,,https://pilldrop.co.nz/services/wegovy/,
2026-09-11T20:23:20Z,PillDrop,Wegovy,1.7mg,450.00,,https://pilldrop.co.nz/services/wegovy/,
2026-09-11T20:23:20Z,PillDrop,Wegovy,2.4mg,470.00,,https://pilldrop.co.nz/services/wegovy/,
2026-09-11T20:23:22Z,PillDrop,Mounjaro,2.5mg,430.00,,https://pilldrop.co.nz/services/mounjaro/,
2026-09-11T20:23:22Z,PillDrop,Mounjaro,5mg,500.00,,https://pilldrop.co.nz/services/mounjaro/,
2026-09-11T20:23:22Z,PillDrop,Mounjaro,7.5mg,690.00,,https://pilldrop.co.nz/services/mounjaro/,
2026-09-11T20:23:22Z,PillDrop,Mounjaro,10mg,690.00,,https://pilldrop.co.nz/services/mounjaro/,
2026-09-11T20:23:22Z,PillDrop,Mounjaro,12.5mg,875.00,,https://pilldrop.co.nz/services/mounjaro/,
2026-09-11T20:23:22Z,PillDrop,Mounjaro,15mg,875.00,,https://pilldrop.co.nz/services/mounjaro/,
2026-09-11T20:23:25Z,Zoom Pharmacy,Saxenda,3 x 15ml,1433.49,true,https://zoompharmacy.co.nz/shop/saxenda-liraglutide-3x15ml-injection/,
2026-09-11T20:23:25Z,Zoom Pharmacy,Saxenda,2 x 15ml,956.49,true,https://zoompharmacy.co.nz/shop/saxenda-liraglutide-2x15ml-injection/,
2026-09-11T20:23:25Z,Zoom Pharmacy,Saxenda,1 x 15ml,479.49,true,https://zoompharmacy.co.nz/shop/saxenda-liraglutide-15ml-injection/,
2026-09-11T20:23:27Z,Zoom Pharmacy,Contrave,"8mg/90mg, 112 pack",209.49,true,https://zoompharmacy.co.nz/shop/contrave-naltrexone-bupropion-hydrochloride-8mg-90mg-tablets-112-pack/,
2026-09-11T20:23:30Z,Zoom Pharmacy,Duromine,"30mg, 30 pack",96.99,true,https://zoompharmacy.co.nz/shop/duromine-30mg-capsules-30-pack/,
2026-09-11T20:23:30Z,Zoom Pharmacy,Duromine,"15mg, 30 pack",79.99,true,https://zoompharmacy.co.nz/shop/duromine-15mg-capsules-30-pack/,
2026-09-12T20:23:01Z,Chemist Warehouse,Mounjaro,2.5mg,429.99,,https://www.chemistwarehouse.co.nz/buy/165180/mounjaro-2-5mg-kwikpen,non-subsidised anchor
2026-09-12T20:23:04Z,Chemist Warehouse,Mounjaro,5mg,499.99,,https://www.chemistwarehouse.co.nz/buy/165181/mounjaro-5mg-kwikpen,non-subsidised anchor
2026-09-12T20:23:08Z,Chemist Warehouse,Mounjaro,7.5mg,689.99,,https://www.chemistwarehouse.co.nz/buy/165182/mounjaro-7-5mg-kwikpen,non-subsidised anchor
2026-09-12T20:23:11Z,Chemist Warehouse,Mounjaro,10mg,689.99,,https://www.chemistwarehouse.co.nz/buy/165183/mounjaro-10mg-kwikpen,non-subsidised anchor
2026-09-12T20:23:14Z,Chemist Warehouse,Mounjaro,12.5mg,874.99,,https://www.chemistwarehouse.co.nz/buy/165184/mounjaro-12-5mg-kwikpen,non-subsidised anchor
2026-09-12T20:23:16Z,Chemist Warehouse,Mounjaro,15mg,874.99,,https://www.chemistwarehouse.co.nz/buy/165217/mounjaro-15mg-kwikpen,non-subsidised anchor
2026-09-12T20:23:20Z,Chemist Warehouse,Wegovy,0.25mg,364.99,,https://www.chemistwarehouse.co.nz/buy/156879/wegovy-0-25mg-flexpen,non-subsidised anchor
2026-09-12T20:23:23Z,Chemist Warehouse,Wegovy,0.5mg,384.99,,https://www.chemistwarehouse.co.nz/buy/156880/wegovy-0-5mg-flexpen,non-subsidised anchor
2026-09-12T20:23:26Z,Chemist Warehouse,Wegovy,1.0mg,404.99,,https://www.chemistwarehouse.co.nz/buy/156881/wegovy-1mg-flexpen,non-subsidised anchor
2026-09-12T20:23:29Z,Chemist Warehouse,Wegovy,1.7mg,449.99,,https://www.chemistwarehouse.co.nz/buy/156882/wegovy-1-7mg-flexpen,non-subsidised anchor
2026-09-12T20:23:33Z,Chemist Warehouse,Wegovy,2.4mg,469.99,,https://www.chemistwarehouse.co.nz/buy/156883/wegovy-2-4mg-flexpen,non-subsidised anchor
2026-09-12T20:23:35Z,Bargain Chemist,Wegovy,2.4mg,469.99,,https://www.bargainchemist.co.nz/products/wegovy-24-mg-flextouch-96mg3ml?_pos=1&_psq=wegovy&_psid=5b328982a&_ss=e,
2026-09-12T20:23:35Z,Bargain Chemist,Wegovy,0.25mg,364.99,,https://www.bargainchemist.co.nz/products/wegovy-025-mg-flextouch-1mg15ml?_pos=2&_psq=wegovy&_psid=5b328982a&_ss=e,
2026-09-12T20:23:35Z,Bargain Chemist,Wegovy,1.7mg,449.99,,https://www.bargainchemist.co.nz/products/wegovy-17-mg-flextouch-68mg3ml?_pos=3&_psq=wegovy&_psid=5b328982a&_ss=e,
2026-09-12T20:23:35Z,Bargain Chemist,Wegovy,1.0mg,409.99,,https://www.bargainchemist.co.nz/products/wegovy-1-mg-flextouch-4mg3ml?_pos=4&_psq=wegovy&_psid=5b328982a&_ss=e,
2026-09-12T20:23:35Z,Bargain Chemist,Wegovy,0.5mg,389.99,,https://www.bargainchemist.co.nz/products/wegovy-05-mg-flextouch-2mg15ml?_pos=5&_psq=wegovy&_psid=5b328982a&_ss=e,
2026-09-12T20:23:38Z,Bargain Chemist,Mounjaro,2.5mg,429.99,,https://www.bargainchemist.co.nz/products/mounjaro-2-5mg-kwikpen?_pos=1&_psq=mounjaro&_psid=b257950ee&_ss=e,
2026-09-12T20:23:38Z,Bargain Chemist,Mounjaro,15mg,874.99,,https://www.bargainchemist.co.nz/products/mounjaro-15mg-kwikpen?_pos=2&_psq=mounjaro&_psid=b257950ee&_ss=e,
2026-09-12T20:23:38Z,Bargain Chemist,Mounjaro,7.5mg,688.99,,https://www.bargainchemist.co.nz/products/mounjaro-7-5mg-kwikpen?_pos=3&_psq=mounjaro&_psid=b257950ee&_ss=e,
2026-09-12T20:23:38Z,Bargain Chemist,Mounjaro,12.5mg,874.99,,https://www.bargainchemist.co.nz/products/mounjaro-12-5mg-kwikpen?_pos=4&_psq=mounjaro&_psid=b257950ee&_ss=e,
2026-09-12T20:23:38Z,Bargain Chemist,Mounjaro,5mg,499.99,,https://www.bargainchemist.co.nz/products/mounjaro-5mg-kwikpen?_pos=5&_psq=mounjaro&_psid=b257950ee&_ss=e,
2026-09-12T20:23:38Z,Bargain Chemist,Mounjaro,10mg,689.99,,https://www.bargainchemist.co.nz/products/mounjaro-10mg-kwikpen?_pos=6&_psq=mounjaro&_psid=b257950ee&_ss=e,
2026-09-12T20:23:43Z,PillDrop,Wegovy,0.25mg,365.00,,https://pilldrop.co.nz/services/wegovy/,
2026-09-12T20:23:43Z,PillDrop,Wegovy,0.5mg,385.00,,https://pilldrop.co.nz/services/wegovy/,
2026-09-12T20:23:43Z,PillDrop,Wegovy,1.0mg,405.00,,https://pilldrop.co.nz/services/wegovy/,
2026-09-12T20:23:43Z,PillDrop,Wegovy,1.7mg,450.00,,https://pilldrop.co.nz/services/wegovy/,
2026-09-12T20:23:43Z,PillDrop,Wegovy,2.4mg,470.00,,https://pilldrop.co.nz/services/wegovy/,
2026-09-12T20:23:45Z,PillDrop,Mounjaro,2.5mg,430.00,,https://pilldrop.co.nz/services/mounjaro/,
2026-09-12T20:23:45Z,PillDrop,Mounjaro,5mg,500.00,,https://pilldrop.co.nz/services/mounjaro/,
2026-09-12T20:23:45Z,PillDrop,Mounjaro,7.5mg,690.00,,https://pilldrop.co.nz/services/mounjaro/,
2026-09-12T20:23:45Z,PillDrop,Mounjaro,10mg,690.00,,https://pilldrop.co.nz/services/mounjaro/,
2026-09-12T20:23:45Z,PillDrop,Mounjaro,12.5mg,875.00,,https://pilldrop.co.nz/services/mounjaro/,
2026-09-12T20:23:45Z,PillDrop,Mounjaro,15mg,875.00,,https://pilldrop.co.nz/services/mounjaro/,
2026-09-12T20:23:48Z,Zoom Pharmacy,Saxenda,3 x 15ml,1433.49,true,https://zoompharmacy.co.nz/shop/saxenda-liraglutide-3x15ml-injection/,
2026-09-12T20:23:48Z,Zoom Pharmacy,Saxenda,2 x 15ml,956.49,true,https://zoompharmacy.co.nz/shop/saxenda-liraglutide-2x15ml-injection/,
2026-09-12T20:23:48Z,Zoom Pharmacy,Saxenda,1 x 15ml,479.49,true,https://zoompharmacy.co.nz/shop/saxenda-liraglutide-15ml-injection/,
2026-09-12T20:23:50Z,Zoom Pharmacy,Contrave,"8mg/90mg, 112 pack",209.49,true,https://zoompharmacy.co.nz/shop/contrave-naltrexone-bupropion-hydrochloride-8mg-90mg-tablets-112-pack/,
2026-09-12T20:23:53Z,Zoom Pharmacy,Duromine,"30mg, 30 pack",96.99,true,https://zoompharmacy.co.nz/shop/duromine-30mg-capsules-30-pack/,
2026-09-12T20:23:53Z,Zoom Pharmacy,Duromine,"15mg, 30 pack",79.99,true,https://zoompharmacy.co.nz/shop/duromine-15mg-capsules-30-pack/,
2026-09-13T20:22:04Z,Chemist Warehouse,Mounjaro,2.5mg,429.99,,https://www.chemistwarehouse.co.nz/buy/165180/mounjaro-2-5mg-kwikpen,non-subsidised anchor
2026-09-13T20:22:07Z,Chemist Warehouse,Mounjaro,5mg,499.99,,https://www.chemistwarehouse.co.nz/buy/165181/mounjaro-5mg-kwikpen,non-subsidised anchor
2026-09-13T20:22:09Z,Chemist Warehouse,Mounjaro,7.5mg,689.99,,https://www.chemistwarehouse.co.nz/buy/165182/mounjaro-7-5mg-kwikpen,non-subsidised anchor
2026-09-13T20:22:12Z,Chemist Warehouse,Mounjaro,10mg,689.99,,https://www.chemistwarehouse.co.nz/buy/165183/mounjaro-10mg-kwikpen,non-subsidised anchor
2026-09-13T20:22:15Z,Chemist Warehouse,Mounjaro,12.5mg,874.99,,https://www.chemistwarehouse.co.nz/buy/165184/mounjaro-12-5mg-kwikpen,non-subsidised anchor
2026-09-13T20:22:18Z,Chemist Warehouse,Mounjaro,15mg,874.99,,https://www.chemistwarehouse.co.nz/buy/165217/mounjaro-15mg-kwikpen,non-subsidised anchor
2026-09-13T20:22:20Z,Chemist Warehouse,Wegovy,0.25mg,364.99,,https://www.chemistwarehouse.co.nz/buy/156879/wegovy-0-25mg-flexpen,non-subsidised anchor
2026-09-13T20:22:23Z,Chemist Warehouse,Wegovy,0.5mg,384.99,,https://www.chemistwarehouse.co.nz/buy/156880/wegovy-0-5mg-flexpen,non-subsidised anchor
2026-09-13T20:22:25Z,Chemist Warehouse,Wegovy,1.0mg,404.99,,https://www.chemistwarehouse.co.nz/buy/156881/wegovy-1mg-flexpen,non-subsidised anchor
2026-09-13T20:22:28Z,Chemist Warehouse,Wegovy,1.7mg,449.99,,https://www.chemistwarehouse.co.nz/buy/156882/wegovy-1-7mg-flexpen,non-subsidised anchor
2026-09-13T20:22:31Z,Chemist Warehouse,Wegovy,2.4mg,469.99,,https://www.chemistwarehouse.co.nz/buy/156883/wegovy-2-4mg-flexpen,non-subsidised anchor
2026-09-13T20:22:33Z,Bargain Chemist,Wegovy,2.4mg,469.99,,https://www.bargainchemist.co.nz/products/wegovy-24-mg-flextouch-96mg3ml?_pos=1&_psq=wegovy&_psid=46df8466e&_ss=e,
2026-09-13T20:22:33Z,Bargain Chemist,Wegovy,0.25mg,364.99,,https://www.bargainchemist.co.nz/products/wegovy-025-mg-flextouch-1mg15ml?_pos=2&_psq=wegovy&_psid=46df8466e&_ss=e,
2026-09-13T20:22:33Z,Bargain Chemist,Wegovy,1.7mg,449.99,,https://www.bargainchemist.co.nz/products/wegovy-17-mg-flextouch-68mg3ml?_pos=3&_psq=wegovy&_psid=46df8466e&_ss=e,
2026-09-13T20:22:33Z,Bargain Chemist,Wegovy,1.0mg,409.99,,https://www.bargainchemist.co.nz/products/wegovy-1-mg-flextouch-4mg3ml?_pos=4&_psq=wegovy&_psid=46df8466e&_ss=e,
2026-09-13T20:22:33Z,Bargain Chemist,Wegovy,0.5mg,389.99,,https://www.bargainchemist.co.nz/products/wegovy-05-mg-flextouch-2mg15ml?_pos=5&_psq=wegovy&_psid=46df8466e&_ss=e,
2026-09-13T20:22:36Z,Bargain Chemist,Mounjaro,2.5mg,429.99,,https://www.bargainchemist.co.nz/products/mounjaro-2-5mg-kwikpen?_pos=1&_psq=mounjaro&_psid=d9001b15e&_ss=e,
2026-09-13T20:22:36Z,Bargain Chemist,Mounjaro,7.5mg,688.99,,https://www.bargainchemist.co.nz/products/mounjaro-7-5mg-kwikpen?_pos=2&_psq=mounjaro&_psid=d9001b15e&_ss=e,
2026-09-13T20:22:36Z,Bargain Chemist,Mounjaro,15mg,874.99,,https://www.bargainchemist.co.nz/products/mounjaro-15mg-kwikpen?_pos=3&_psq=mounjaro&_psid=d9001b15e&_ss=e,
2026-09-13T20:22:36Z,Bargain Chemist,Mounjaro,12.5mg,874.99,,https://www.bargainchemist.co.nz/products/mounjaro-12-5mg-kwikpen?_pos=4&_psq=mounjaro&_psid=d9001b15e&_ss=e,
2026-09-13T20:22:36Z,Bargain Chemist,Mounjaro,5mg,499.99,,https://www.bargainchemist.co.nz/products/mounjaro-5mg-kwikpen?_pos=5&_psq=mounjaro&_psid=d9001b15e&_ss=e,
2026-09-13T20:22:36Z,Bargain Chemist,Mounjaro,10mg,689.99,,https://www.bargainchemist.co.nz/products/mounjaro-10mg-kwikpen?_pos=6&_psq=mounjaro&_psid=d9001b15e&_ss=e,
2026-09-13T20:22:41Z,PillDrop,Wegovy,0.25mg,365.00,,https://pilldrop.co.nz/services/wegovy/,
2026-09-13T20:22:41Z,PillDrop,Wegovy,0.5mg,385.00,,https://pilldrop.co.nz/services/wegovy/,
2026-09-13T20:22:41Z,PillDrop,Wegovy,1.0mg,405.00,,https://pilldrop.co.nz/services/wegovy/,
2026-09-13T20:22:41Z,PillDrop,Wegovy,1.7mg,450.00,,https://pilldrop.co.nz/services/wegovy/,
2026-09-13T20:22:41Z,PillDrop,Wegovy,2.4mg,470.00,,https://pilldrop.co.nz/services/wegovy/,
2026-09-13T20:22:43Z,PillDrop,Mounjaro,2.5mg,430.00,,https://pilldrop.co.nz/services/mounjaro/,
2026-09-13T20:22:43Z,PillDrop,Mounjaro,5mg,500.00,,https://pilldrop.co.nz/services/mounjaro/,
2026-09-13T20:22:43Z,PillDrop,Mounjaro,7.5mg,690.00,,https://pilldrop.co.nz/services/mounjaro/,
2026-09-13T20:22:43Z,PillDrop,Mounjaro,10mg,690.00,,https://pilldrop.co.nz/services/mounjaro/,
2026-09-13T20:22:43Z,PillDrop,Mounjaro,12.5mg,875.00,,https://pilldrop.co.nz/services/mounjaro/,
2026-09-13T20:22:43Z,PillDrop,Mounjaro,15mg,875.00,,https://pilldrop.co.nz/services/mounjaro/,
2026-09-13T20:22:46Z,Zoom Pharmacy,Saxenda,3 x 15ml,1433.49,true,https://zoompharmacy.co.nz/shop/saxenda-liraglutide-3x15ml-injection/,
2026-09-13T20:22:46Z,Zoom Pharmacy,Saxenda,2 x 15ml,956.49,true,https://zoompharmacy.co.nz/shop/saxenda-liraglutide-2x15ml-injection/,
2026-09-13T20:22:46Z,Zoom Pharmacy,Saxenda,1 x 15ml,479.49,true,https://zoompharmacy.co.nz/shop/saxenda-liraglutide-15ml-injection/,
2026-09-13T20:22:48Z,Zoom Pharmacy,Contrave,"8mg/90mg, 112 pack",209.49,true,https://zoompharmacy.co.nz/shop/contrave-naltrexone-bupropion-hydrochloride-8mg-90mg-tablets-112-pack/,
2026-09-13T20:22:51Z,Zoom Pharmacy,Duromine,"30mg, 30 pack",96.99,true,https://zoompharmacy.co.nz/shop/duromine-30mg-capsules-30-pack/,
2026-09-13T20:22:51Z,Zoom Pharmacy,Duromine,"15mg, 30 pack",79.99,true,https://zoompharmacy.co.nz/shop/duromine-15mg-capsules-30-pack/,
2026-09-14T20:22:42Z,Chemist Warehouse,Mounjaro,2.5mg,429.99,,https://www.chemistwarehouse.co.nz/buy/165180/mounjaro-2-5mg-kwikpen,non-subsidised anchor
2026-09-14T20:22:45Z,Chemist Warehouse,Mounjaro,5mg,499.99,,https://www.chemistwarehouse.co.nz/buy/165181/mounjaro-5mg-kwikpen,non-subsidised anchor
2026-09-14T20:22:48Z,Chemist Warehouse,Mounjaro,7.5mg,689.99,,https://www.chemistwarehouse.co.nz/buy/165182/mounjaro-7-5mg-kwikpen,non-subsidised anchor
2026-09-14T20:22:51Z,Chemist Warehouse,Mounjaro,10mg,689.99,,https://www.chemistwarehouse.co.nz/buy/165183/mounjaro-10mg-kwikpen,non-subsidised anchor
2026-09-14T20:22:55Z,Chemist Warehouse,Mounjaro,12.5mg,874.99,,https://www.chemistwarehouse.co.nz/buy/165184/mounjaro-12-5mg-kwikpen,non-subsidised anchor
2026-09-14T20:22:58Z,Chemist Warehouse,Mounjaro,15mg,874.99,,https://www.chemistwarehouse.co.nz/buy/165217/mounjaro-15mg-kwikpen,non-subsidised anchor
2026-09-14T20:23:02Z,Chemist Warehouse,Wegovy,0.25mg,364.99,,https://www.chemistwarehouse.co.nz/buy/156879/wegovy-0-25mg-flexpen,non-subsidised anchor
2026-09-14T20:23:05Z,Chemist Warehouse,Wegovy,0.5mg,384.99,,https://www.chemistwarehouse.co.nz/buy/156880/wegovy-0-5mg-flexpen,non-subsidised anchor
2026-09-14T20:23:07Z,Chemist Warehouse,Wegovy,1.0mg,404.99,,https://www.chemistwarehouse.co.nz/buy/156881/wegovy-1mg-flexpen,non-subsidised anchor
2026-09-14T20:23:10Z,Chemist Warehouse,Wegovy,1.7mg,449.99,,https://www.chemistwarehouse.co.nz/buy/156882/wegovy-1-7mg-flexpen,non-subsidised anchor
2026-09-14T20:23:13Z,Chemist Warehouse,Wegovy,2.4mg,469.99,,https://www.chemistwarehouse.co.nz/buy/156883/wegovy-2-4mg-flexpen,non-subsidised anchor
2026-09-14T20:23:15Z,Bargain Chemist,Wegovy,2.4mg,469.99,,https://www.bargainchemist.co.nz/products/wegovy-24-mg-flextouch-96mg3ml?_pos=1&_psq=wegovy&_psid=0f0e31f15&_ss=e,
2026-09-14T20:23:15Z,Bargain Chemist,Wegovy,0.25mg,364.99,,https://www.bargainchemist.co.nz/products/wegovy-025-mg-flextouch-1mg15ml?_pos=2&_psq=wegovy&_psid=0f0e31f15&_ss=e,
2026-09-14T20:23:15Z,Bargain Chemist,Wegovy,1.7mg,449.99,,https://www.bargainchemist.co.nz/products/wegovy-17-mg-flextouch-68mg3ml?_pos=3&_psq=wegovy&_psid=0f0e31f15&_ss=e,
2026-09-14T20:23:15Z,Bargain Chemist,Wegovy,1.0mg,409.99,,https://www.bargainchemist.co.nz/products/wegovy-1-mg-flextouch-4mg3ml?_pos=4&_psq=wegovy&_psid=0f0e31f15&_ss=e,
2026-09-14T20:23:15Z,Bargain Chemist,Wegovy,0.5mg,389.99,,https://www.bargainchemist.co.nz/products/wegovy-05-mg-flextouch-2mg15ml?_pos=5&_psq=wegovy&_psid=0f0e31f15&_ss=e,
2026-09-14T20:23:18Z,Bargain Chemist,Mounjaro,2.5mg,429.99,,https://www.bargainchemist.co.nz/products/mounjaro-2-5mg-kwikpen?_pos=1&_psq=mounjaro&_psid=e00c47b2e&_ss=e,
2026-09-14T20:23:18Z,Bargain Chemist,Mounjaro,7.5mg,688.99,,https://www.bargainchemist.co.nz/products/mounjaro-7-5mg-kwikpen?_pos=2&_psq=mounjaro&_psid=e00c47b2e&_ss=e,
2026-09-14T20:23:18Z,Bargain Chemist,Mounjaro,15mg,874.99,,https://www.bargainchemist.co.nz/products/mounjaro-15mg-kwikpen?_pos=3&_psq=mounjaro&_psid=e00c47b2e&_ss=e,
2026-09-14T20:23:18Z,Bargain Chemist,Mounjaro,12.5mg,874.99,,https://www.bargainchemist.co.nz/products/mounjaro-12-5mg-kwikpen?_pos=4&_psq=mounjaro&_psid=e00c47b2e&_ss=e,
2026-09-14T20:23:18Z,Bargain Chemist,Mounjaro,5mg,499.99,,https://www.bargainchemist.co.nz/products/mounjaro-5mg-kwikpen?_pos=5&_psq=mounjaro&_psid=e00c47b2e&_ss=e,
2026-09-14T20:23:18Z,Bargain Chemist,Mounjaro,10mg,689.99,,https://www.bargainchemist.co.nz/products/mounjaro-10mg-kwikpen?_pos=6&_psq=mounjaro&_psid=e00c47b2e&_ss=e,
2026-09-14T20:23:23Z,PillDrop,Wegovy,0.25mg,365.00,,https://pilldrop.co.nz/services/wegovy/,
2026-09-14T20:23:23Z,PillDrop,Wegovy,0.5mg,385.00,,https://pilldrop.co.nz/services/wegovy/,
2026-09-14T20:23:23Z,PillDrop,Wegovy,1.0mg,405.00,,https://pilldrop.co.nz/services/wegovy/,
2026-09-14T20:23:23Z,PillDrop,Wegovy,1.7mg,450.00,,https://pilldrop.co.nz/services/wegovy/,
2026-09-14T20:23:23Z,PillDrop,Wegovy,2.4mg,470.00,,https://pilldrop.co.nz/services/wegovy/,
2026-09-14T20:23:25Z,PillDrop,Mounjaro,2.5mg,430.00,,https://pilldrop.co.nz/services/mounjaro/,
2026-09-14T20:23:25Z,PillDrop,Mounjaro,5mg,500.00,,https://pilldrop.co.nz/services/mounjaro/,
2026-09-14T20:23:25Z,PillDrop,Mounjaro,7.5mg,690.00,,https://pilldrop.co.nz/services/mounjaro/,
2026-09-14T20:23:25Z,PillDrop,Mounjaro,10mg,690.00,,https://pilldrop.co.nz/services/mounjaro/,
2026-09-14T20:23:25Z,PillDrop,Mounjaro,12.5mg,875.00,,https://pilldrop.co.nz/services/mounjaro/,
2026-09-14T20:23:25Z,PillDrop,Mounjaro,15mg,875.00,,https://pilldrop.co.nz/services/mounjaro/,
2026-09-14T20:23:28Z,Zoom Pharmacy,Saxenda,3 x 15ml,1433.49,true,https://zoompharmacy.co.nz/shop/saxenda-liraglutide-3x15ml-injection/,
2026-09-14T20:23:28Z,Zoom Pharmacy,Saxenda,2 x 15ml,956.49,true,https://zoompharmacy.co.nz/shop/saxenda-liraglutide-2x15ml-injection/,
2026-09-14T20:23:28Z,Zoom Pharmacy,Saxenda,1 x 15ml,479.49,true,https://zoompharmacy.co.nz/shop/saxenda-liraglutide-15ml-injection/,
2026-09-14T20:23:30Z,Zoom Pharmacy,Contrave,"8mg/90mg, 112 pack",209.49,true,https://zoompharmacy.co.nz/shop/contrave-naltrexone-bupropion-hydrochloride-8mg-90mg-tablets-112-pack/,
2026-09-14T20:23:33Z,Zoom Pharmacy,Duromine,"30mg, 30 pack",96.99,true,https://zoompharmacy.co.nz/shop/duromine-30mg-capsules-30-pack/,
2026-09-14T20:23:33Z,Zoom Pharmacy,Duromine,"15mg, 30 pack",79.99,true,https://zoompharmacy.co.nz/shop/duromine-15mg-capsules-30-pack/,
2026-09-15T20:22:21Z,Chemist Warehouse,Mounjaro,2.5mg,429.99,,https://www.chemistwarehouse.co.nz/buy/165180/mounjaro-2-5mg-kwikpen,non-subsidised anchor
2026-09-15T20:22:24Z,Chemist Warehouse,Mounjaro,5mg,499.99,,https://www.chemistwarehouse.co.nz/buy/165181/mounjaro-5mg-kwikpen,non-subsidised anchor
2026-09-15T20:22:28Z,Chemist Warehouse,Mounjaro,7.5mg,689.99,,https://www.chemistwarehouse.co.nz/buy/165182/mounjaro-7-5mg-kwikpen,non-subsidised anchor
2026-09-15T20:22:32Z,Chemist Warehouse,Mounjaro,10mg,689.99,,https://www.chemistwarehouse.co.nz/buy/165183/mounjaro-10mg-kwikpen,non-subsidised anchor
2026-09-15T20:22:35Z,Chemist Warehouse,Mounjaro,12.5mg,874.99,,https://www.chemistwarehouse.co.nz/buy/165184/mounjaro-12-5mg-kwikpen,non-subsidised anchor
2026-09-15T20:22:38Z,Chemist Warehouse,Mounjaro,15mg,874.99,,https://www.chemistwarehouse.co.nz/buy/165217/mounjaro-15mg-kwikpen,non-subsidised anchor
2026-09-15T20:22:41Z,Chemist Warehouse,Wegovy,0.25mg,364.99,,https://www.chemistwarehouse.co.nz/buy/156879/wegovy-0-25mg-flexpen,non-subsidised anchor
2026-09-15T20:22:43Z,Chemist Warehouse,Wegovy,0.5mg,384.99,,https://www.chemistwarehouse.co.nz/buy/156880/wegovy-0-5mg-flexpen,non-subsidised anchor
2026-09-15T20:22:46Z,Chemist Warehouse,Wegovy,1.0mg,404.99,,https://www.chemistwarehouse.co.nz/buy/156881/wegovy-1mg-flexpen,non-subsidised anchor
2026-09-15T20:22:49Z,Chemist Warehouse,Wegovy,1.7mg,449.99,,https://www.chemistwarehouse.co.nz/buy/156882/wegovy-1-7mg-flexpen,non-subsidised anchor
2026-09-15T20:22:51Z,Chemist Warehouse,Wegovy,2.4mg,469.99,,https://www.chemistwarehouse.co.nz/buy/156883/wegovy-2-4mg-flexpen,non-subsidised anchor
2026-09-15T20:22:54Z,Bargain Chemist,Wegovy,2.4mg,469.99,,https://www.bargainchemist.co.nz/products/wegovy-24-mg-flextouch-96mg3ml?_pos=1&_psq=wegovy&_psid=06c32f35c&_ss=e,
2026-09-15T20:22:54Z,Bargain Chemist,Wegovy,0.25mg,364.99,,https://www.bargainchemist.co.nz/products/wegovy-025-mg-flextouch-1mg15ml?_pos=2&_psq=wegovy&_psid=06c32f35c&_ss=e,
2026-09-15T20:22:54Z,Bargain Chemist,Wegovy,1.7mg,449.99,,https://www.bargainchemist.co.nz/products/wegovy-17-mg-flextouch-68mg3ml?_pos=3&_psq=wegovy&_psid=06c32f35c&_ss=e,
2026-09-15T20:22:54Z,Bargain Chemist,Wegovy,1.0mg,409.99,,https://www.bargainchemist.co.nz/products/wegovy-1-mg-flextouch-4mg3ml?_pos=4&_psq=wegovy&_psid=06c32f35c&_ss=e,
2026-09-15T20:22:54Z,Bargain Chemist,Wegovy,0.5mg,389.99,,https://www.bargainchemist.co.nz/products/wegovy-05-mg-flextouch-2mg15ml?_pos=5&_psq=wegovy&_psid=06c32f35c&_ss=e,
2026-09-15T20:22:56Z,Bargain Chemist,Mounjaro,2.5mg,429.99,,https://www.bargainchemist.co.nz/products/mounjaro-2-5mg-kwikpen?_pos=1&_psq=mounjaro&_psid=4949209dc&_ss=e,
2026-09-15T20:22:56Z,Bargain Chemist,Mounjaro,7.5mg,688.99,,https://www.bargainchemist.co.nz/products/mounjaro-7-5mg-kwikpen?_pos=2&_psq=mounjaro&_psid=4949209dc&_ss=e,
2026-09-15T20:22:56Z,Bargain Chemist,Mounjaro,15mg,874.99,,https://www.bargainchemist.co.nz/products/mounjaro-15mg-kwikpen?_pos=3&_psq=mounjaro&_psid=4949209dc&_ss=e,
2026-09-15T20:22:56Z,Bargain Chemist,Mounjaro,10mg,689.99,,https://www.bargainchemist.co.nz/products/mounjaro-10mg-kwikpen?_pos=4&_psq=mounjaro&_psid=4949209dc&_ss=e,
2026-09-15T20:22:56Z,Bargain Chemist,Mounjaro,5mg,499.99,,https://www.bargainchemist.co.nz/products/mounjaro-5mg-kwikpen?_pos=5&_psq=mounjaro&_psid=4949209dc&_ss=e,
2026-09-15T20:22:56Z,Bargain Chemist,Mounjaro,12.5mg,874.99,,https://www.bargainchemist.co.nz/products/mounjaro-12-5mg-kwikpen?_pos=6&_psq=mounjaro&_psid=4949209dc&_ss=e,
2026-09-15T20:23:01Z,PillDrop,Wegovy,0.25mg,365.00,,https://pilldrop.co.nz/services/wegovy/,
2026-09-15T20:23:01Z,PillDrop,Wegovy,0.5mg,385.00,,https://pilldrop.co.nz/services/wegovy/,
2026-09-15T20:23:01Z,PillDrop,Wegovy,1.0mg,405.00,,https://pilldrop.co.nz/services/wegovy/,
2026-09-15T20:23:01Z,PillDrop,Wegovy,1.7mg,450.00,,https://pilldrop.co.nz/services/wegovy/,
2026-09-15T20:23:01Z,PillDrop,Wegovy,2.4mg,470.00,,https://pilldrop.co.nz/services/wegovy/,
2026-09-15T20:23:04Z,PillDrop,Mounjaro,2.5mg,430.00,,https://pilldrop.co.nz/services/mounjaro/,
2026-09-15T20:23:04Z,PillDrop,Mounjaro,5mg,500.00,,https://pilldrop.co.nz/services/mounjaro/,
2026-09-15T20:23:04Z,PillDrop,Mounjaro,7.5mg,690.00,,https://pilldrop.co.nz/services/mounjaro/,
2026-09-15T20:23:04Z,PillDrop,Mounjaro,10mg,690.00,,https://pilldrop.co.nz/services/mounjaro/,
2026-09-15T20:23:04Z,PillDrop,Mounjaro,12.5mg,875.00,,https://pilldrop.co.nz/services/mounjaro/,
2026-09-15T20:23:04Z,PillDrop,Mounjaro,15mg,875.00,,https://pilldrop.co.nz/services/mounjaro/,
2026-09-15T20:23:06Z,Zoom Pharmacy,Saxenda,3 x 15ml,1433.49,true,https://zoompharmacy.co.nz/shop/saxenda-liraglutide-3x15ml-injection/,
2026-09-15T20:23:06Z,Zoom Pharmacy,Saxenda,2 x 15ml,956.49,true,https://zoompharmacy.co.nz/shop/saxenda-liraglutide-2x15ml-injection/,
2026-09-15T20:23:06Z,Zoom Pharmacy,Saxenda,1 x 15ml,479.49,true,https://zoompharmacy.co.nz/shop/saxenda-liraglutide-15ml-injection/,
2026-09-15T20:23:09Z,Zoom Pharmacy,Contrave,"8mg/90mg, 112 pack",209.49,true,https://zoompharmacy.co.nz/shop/contrave-naltrexone-bupropion-hydrochloride-8mg-90mg-tablets-112-pack/,
2026-09-15T20:23:12Z,Zoom Pharmacy,Duromine,"30mg, 30 pack",96.99,true,https://zoompharmacy.co.nz/shop/duromine-30mg-capsules-30-pack/,
2026-09-15T20:23:12Z,Zoom Pharmacy,Duromine,"15mg, 30 pack",79.99,true,https://zoompharmacy.co.nz/shop/duromine-15mg-capsules-30-pack/,
2026-09-16T20:23:23Z,Chemist Warehouse,Mounjaro,2.5mg,429.99,,https://www.chemistwarehouse.co.nz/buy/165180/mounjaro-2-5mg-kwikpen,non-subsidised anchor
2026-09-16T20:23:25Z,Chemist Warehouse,Mounjaro,5mg,499.99,,https://www.chemistwarehouse.co.nz/buy/165181/mounjaro-5mg-kwikpen,non-subsidised anchor
2026-09-16T20:23:28Z,Chemist Warehouse,Mounjaro,7.5mg,689.99,,https://www.chemistwarehouse.co.nz/buy/165182/mounjaro-7-5mg-kwikpen,non-subsidised anchor
2026-09-16T20:23:32Z,Chemist Warehouse,Mounjaro,10mg,689.99,,https://www.chemistwarehouse.co.nz/buy/165183/mounjaro-10mg-kwikpen,non-subsidised anchor
2026-09-16T20:23:35Z,Chemist Warehouse,Mounjaro,12.5mg,874.99,,https://www.chemistwarehouse.co.nz/buy/165184/mounjaro-12-5mg-kwikpen,non-subsidised anchor
2026-09-16T20:23:38Z,Chemist Warehouse,Mounjaro,15mg,874.99,,https://www.chemistwarehouse.co.nz/buy/165217/mounjaro-15mg-kwikpen,non-subsidised anchor
2026-09-16T20:23:41Z,Chemist Warehouse,Wegovy,0.25mg,364.99,,https://www.chemistwarehouse.co.nz/buy/156879/wegovy-0-25mg-flexpen,non-subsidised anchor
2026-09-16T20:23:45Z,Chemist Warehouse,Wegovy,0.5mg,384.99,,https://www.chemistwarehouse.co.nz/buy/156880/wegovy-0-5mg-flexpen,non-subsidised anchor
2026-09-16T20:23:47Z,Chemist Warehouse,Wegovy,1.0mg,404.99,,https://www.chemistwarehouse.co.nz/buy/156881/wegovy-1mg-flexpen,non-subsidised anchor
2026-09-16T20:23:50Z,Chemist Warehouse,Wegovy,1.7mg,449.99,,https://www.chemistwarehouse.co.nz/buy/156882/wegovy-1-7mg-flexpen,non-subsidised anchor
2026-09-16T20:23:52Z,Chemist Warehouse,Wegovy,2.4mg,469.99,,https://www.chemistwarehouse.co.nz/buy/156883/wegovy-2-4mg-flexpen,non-subsidised anchor
2026-09-16T20:23:55Z,Bargain Chemist,Wegovy,2.4mg,469.99,,https://www.bargainchemist.co.nz/products/wegovy-24-mg-flextouch-96mg3ml?_pos=1&_psq=wegovy&_psid=941d0c973&_ss=e,
2026-09-16T20:23:55Z,Bargain Chemist,Wegovy,0.25mg,364.99,,https://www.bargainchemist.co.nz/products/wegovy-025-mg-flextouch-1mg15ml?_pos=2&_psq=wegovy&_psid=941d0c973&_ss=e,
2026-09-16T20:23:55Z,Bargain Chemist,Wegovy,1.7mg,449.99,,https://www.bargainchemist.co.nz/products/wegovy-17-mg-flextouch-68mg3ml?_pos=3&_psq=wegovy&_psid=941d0c973&_ss=e,
2026-09-16T20:23:55Z,Bargain Chemist,Wegovy,1.0mg,409.99,,https://www.bargainchemist.co.nz/products/wegovy-1-mg-flextouch-4mg3ml?_pos=4&_psq=wegovy&_psid=941d0c973&_ss=e,
2026-09-16T20:23:55Z,Bargain Chemist,Wegovy,0.5mg,389.99,,https://www.bargainchemist.co.nz/products/wegovy-05-mg-flextouch-2mg15ml?_pos=5&_psq=wegovy&_psid=941d0c973&_ss=e,
2026-09-16T20:23:57Z,Bargain Chemist,Mounjaro,2.5mg,429.99,,https://www.bargainchemist.co.nz/products/mounjaro-2-5mg-kwikpen?_pos=1&_psq=mounjaro&_psid=e26eda185&_ss=e,
2026-09-16T20:23:57Z,Bargain Chemist,Mounjaro,7.5mg,688.99,,https://www.bargainchemist.co.nz/products/mounjaro-7-5mg-kwikpen?_pos=2&_psq=mounjaro&_psid=e26eda185&_ss=e,
2026-09-16T20:23:57Z,Bargain Chemist,Mounjaro,15mg,874.99,,https://www.bargainchemist.co.nz/products/mounjaro-15mg-kwikpen?_pos=3&_psq=mounjaro&_psid=e26eda185&_ss=e,
2026-09-16T20:23:57Z,Bargain Chemist,Mounjaro,5mg,499.99,,https://www.bargainchemist.co.nz/products/mounjaro-5mg-kwikpen?_pos=4&_psq=mounjaro&_psid=e26eda185&_ss=e,
2026-09-16T20:23:57Z,Bargain Chemist,Mounjaro,12.5mg,874.99,,https://www.bargainchemist.co.nz/products/mounjaro-12-5mg-kwikpen?_pos=5&_psq=mounjaro&_psid=e26eda185&_ss=e,
2026-09-16T20:23:57Z,Bargain Chemist,Mounjaro,10mg,689.99,,https://www.bargainchemist.co.nz/products/mounjaro-10mg-kwikpen?_pos=6&_psq=mounjaro&_psid=e26eda185&_ss=e,
2026-09-16T20:24:03Z,PillDrop,Wegovy,0.25mg,365.00,,https://pilldrop.co.nz/services/wegovy/,
2026-09-16T20:24:03Z,PillDrop,Wegovy,0.5mg,385.00,,https://pilldrop.co.nz/services/wegovy/,
2026-09-16T20:24:03Z,PillDrop,Wegovy,1.0mg,405.00,,https://pilldrop.co.nz/services/wegovy/,
2026-09-16T20:24:03Z,PillDrop,Wegovy,1.7mg,450.00,,https://pilldrop.co.nz/services/wegovy/,
2026-09-16T20:24:03Z,PillDrop,Wegovy,2.4mg,470.00,,https://pilldrop.co.nz/services/wegovy/,
2026-09-16T20:24:06Z,PillDrop,Mounjaro,2.5mg,430.00,,https://pilldrop.co.nz/services/mounjaro/,
2026-09-16T20:24:06Z,PillDrop,Mounjaro,5mg,500.00,,https://pilldrop.co.nz/services/mounjaro/,
2026-09-16T20:24:06Z,PillDrop,Mounjaro,7.5mg,690.00,,https://pilldrop.co.nz/services/mounjaro/,
2026-09-16T20:24:06Z,PillDrop,Mounjaro,10mg,690.00,,https://pilldrop.co.nz/services/mounjaro/,
2026-09-16T20:24:06Z,PillDrop,Mounjaro,12.5mg,875.00,,https://pilldrop.co.nz/services/mounjaro/,
2026-09-16T20:24:06Z,PillDrop,Mounjaro,15mg,875.00,,https://pilldrop.co.nz/services/mounjaro/,
2026-09-16T20:24:09Z,Zoom Pharmacy,Saxenda,3 x 15ml,1433.49,true,https://zoompharmacy.co.nz/shop/saxenda-liraglutide-3x15ml-injection/,
2026-09-16T20:24:09Z,Zoom Pharmacy,Saxenda,2 x 15ml,956.49,true,https://zoompharmacy.co.nz/shop/saxenda-liraglutide-2x15ml-injection/,
2026-09-16T20:24:09Z,Zoom Pharmacy,Saxenda,1 x 15ml,479.49,true,https://zoompharmacy.co.nz/shop/saxenda-liraglutide-15ml-injection/,
2026-09-16T20:24:11Z,Zoom Pharmacy,Contrave,"8mg/90mg, 112 pack",209.49,true,https://zoompharmacy.co.nz/shop/contrave-naltrexone-bupropion-hydrochloride-8mg-90mg-tablets-112-pack/,
2026-09-16T20:24:14Z,Zoom Pharmacy,Duromine,"30mg, 30 pack",96.99,true,https://zoompharmacy.co.nz/shop/duromine-30mg-capsules-30-pack/,
2026-09-16T20:24:14Z,Zoom Pharmacy,Duromine,"15mg, 30 pack",79.99,true,https://zoompharmacy.co.nz/shop/duromine-15mg-capsules-30-pack/,
2026-09-17T20:23:31Z,Chemist Warehouse,Mounjaro,2.5mg,429.99,,https://www.chemistwarehouse.co.nz/buy/165180/mounjaro-2-5mg-kwikpen,non-subsidised anchor
2026-09-17T20:23:34Z,Chemist Warehouse,Mounjaro,5mg,499.99,,https://www.chemistwarehouse.co.nz/buy/165181/mounjaro-5mg-kwikpen,non-subsidised anchor
2026-09-17T20:23:37Z,Chemist Warehouse,Mounjaro,7.5mg,689.99,,https://www.chemistwarehouse.co.nz/buy/165182/mounjaro-7-5mg-kwikpen,non-subsidised anchor
2026-09-17T20:23:40Z,Chemist Warehouse,Mounjaro,10mg,689.99,,https://www.chemistwarehouse.co.nz/buy/165183/mounjaro-10mg-kwikpen,non-subsidised anchor
2026-09-17T20:23:43Z,Chemist Warehouse,Mounjaro,12.5mg,874.99,,https://www.chemistwarehouse.co.nz/buy/165184/mounjaro-12-5mg-kwikpen,non-subsidised anchor
2026-09-17T20:23:46Z,Chemist Warehouse,Mounjaro,15mg,874.99,,https://www.chemistwarehouse.co.nz/buy/165217/mounjaro-15mg-kwikpen,non-subsidised anchor
2026-09-17T20:23:49Z,Chemist Warehouse,Wegovy,0.25mg,364.99,,https://www.chemistwarehouse.co.nz/buy/156879/wegovy-0-25mg-flexpen,non-subsidised anchor
2026-09-17T20:23:51Z,Chemist Warehouse,Wegovy,0.5mg,384.99,,https://www.chemistwarehouse.co.nz/buy/156880/wegovy-0-5mg-flexpen,non-subsidised anchor
2026-09-17T20:23:55Z,Chemist Warehouse,Wegovy,1.0mg,404.99,,https://www.chemistwarehouse.co.nz/buy/156881/wegovy-1mg-flexpen,non-subsidised anchor
2026-09-17T20:23:58Z,Chemist Warehouse,Wegovy,1.7mg,449.99,,https://www.chemistwarehouse.co.nz/buy/156882/wegovy-1-7mg-flexpen,non-subsidised anchor
2026-09-17T20:24:01Z,Chemist Warehouse,Wegovy,2.4mg,469.99,,https://www.chemistwarehouse.co.nz/buy/156883/wegovy-2-4mg-flexpen,non-subsidised anchor
2026-09-17T20:24:03Z,Bargain Chemist,Wegovy,2.4mg,469.99,,https://www.bargainchemist.co.nz/products/wegovy-24-mg-flextouch-96mg3ml?_pos=1&_psq=wegovy&_psid=eac25ea68&_ss=e,
2026-09-17T20:24:03Z,Bargain Chemist,Wegovy,0.25mg,364.99,,https://www.bargainchemist.co.nz/products/wegovy-025-mg-flextouch-1mg15ml?_pos=2&_psq=wegovy&_psid=eac25ea68&_ss=e,
2026-09-17T20:24:03Z,Bargain Chemist,Wegovy,1.7mg,449.99,,https://www.bargainchemist.co.nz/products/wegovy-17-mg-flextouch-68mg3ml?_pos=3&_psq=wegovy&_psid=eac25ea68&_ss=e,
2026-09-17T20:24:03Z,Bargain Chemist,Wegovy,1.0mg,409.99,,https://www.bargainchemist.co.nz/products/wegovy-1-mg-flextouch-4mg3ml?_pos=4&_psq=wegovy&_psid=eac25ea68&_ss=e,
2026-09-17T20:24:03Z,Bargain Chemist,Wegovy,0.5mg,389.99,,https://www.bargainchemist.co.nz/products/wegovy-05-mg-flextouch-2mg15ml?_pos=5&_psq=wegovy&_psid=eac25ea68&_ss=e,
2026-09-17T20:24:06Z,Bargain Chemist,Mounjaro,2.5mg,429.99,,https://www.bargainchemist.co.nz/products/mounjaro-2-5mg-kwikpen?_pos=1&_psq=mounjaro&_psid=a5684f514&_ss=e,
2026-09-17T20:24:06Z,Bargain Chemist,Mounjaro,7.5mg,688.99,,https://www.bargainchemist.co.nz/products/mounjaro-7-5mg-kwikpen?_pos=2&_psq=mounjaro&_psid=a5684f514&_ss=e,
2026-09-17T20:24:06Z,Bargain Chemist,Mounjaro,15mg,874.99,,https://www.bargainchemist.co.nz/products/mounjaro-15mg-kwikpen?_pos=3&_psq=mounjaro&_psid=a5684f514&_ss=e,
2026-09-17T20:24:06Z,Bargain Chemist,Mounjaro,5mg,499.99,,https://www.bargainchemist.co.nz/products/mounjaro-5mg-kwikpen?_pos=4&_psq=mounjaro&_psid=a5684f514&_ss=e,
2026-09-17T20:24:06Z,Bargain Chemist,Mounjaro,12.5mg,874.99,,https://www.bargainchemist.co.nz/products/mounjaro-12-5mg-kwikpen?_pos=5&_psq=mounjaro&_psid=a5684f514&_ss=e,
2026-09-17T20:24:06Z,Bargain Chemist,Mounjaro,10mg,689.99,,https://www.bargainchemist.co.nz/products/mounjaro-10mg-kwikpen?_pos=6&_psq=mounjaro&_psid=a5684f514&_ss=e,
2026-09-17T20:24:11Z,PillDrop,Wegovy,0.25mg,365.00,,https://pilldrop.co.nz/services/wegovy/,
2026-09-17T20:24:11Z,PillDrop,Wegovy,0.5mg,385.00,,https://pilldrop.co.nz/services/wegovy/,
2026-09-17T20:24:11Z,PillDrop,Wegovy,1.0mg,405.00,,https://pilldrop.co.nz/services/wegovy/,
2026-09-17T20:24:11Z,PillDrop,Wegovy,1.7mg,450.00,,https://pilldrop.co.nz/services/wegovy/,
2026-09-17T20:24:11Z,PillDrop,Wegovy,2.4mg,470.00,,https://pilldrop.co.nz/services/wegovy/,
2026-09-17T20:24:13Z,PillDrop,Mounjaro,2.5mg,430.00,,https://pilldrop.co.nz/services/mounjaro/,
2026-09-17T20:24:13Z,PillDrop,Mounjaro,5mg,500.00,,https://pilldrop.co.nz/services/mounjaro/,
2026-09-17T20:24:13Z,PillDrop,Mounjaro,7.5mg,690.00,,https://pilldrop.co.nz/services/mounjaro/,
2026-09-17T20:24:13Z,PillDrop,Mounjaro,10mg,690.00,,https://pilldrop.co.nz/services/mounjaro/,
2026-09-17T20:24:13Z,PillDrop,Mounjaro,12.5mg,875.00,,https://pilldrop.co.nz/services/mounjaro/,
2026-09-17T20:24:13Z,PillDrop,Mounjaro,15mg,875.00,,https://pilldrop.co.nz/services/mounjaro/,
2026-09-17T20:24:16Z,Zoom Pharmacy,Saxenda,3 x 15ml,1433.49,true,https://zoompharmacy.co.nz/shop/saxenda-liraglutide-3x15ml-injection/,
2026-09-17T20:24:16Z,Zoom Pharmacy,Saxenda,2 x 15ml,956.49,true,https://zoompharmacy.co.nz/shop/saxenda-liraglutide-2x15ml-injection/,
2026-09-17T20:24:16Z,Zoom Pharmacy,Saxenda,1 x 15ml,479.49,true,https://zoompharmacy.co.nz/shop/saxenda-liraglutide-15ml-injection/,
2026-09-17T20:24:18Z,Zoom Pharmacy,Contrave,"8mg/90mg, 112 pack",209.49,true,https://zoompharmacy.co.nz/shop/contrave-naltrexone-bupropion-hydrochloride-8mg-90mg-tablets-112-pack/,
2026-09-17T20:24:21Z,Zoom Pharmacy,Duromine,"30mg, 30 pack",96.99,true,https://zoompharmacy.co.nz/shop/duromine-30mg-capsules-30-pack/,
2026-09-17T20:24:21Z,Zoom Pharmacy,Duromine,"15mg, 30 pack",79.99,true,https://zoompharmacy.co.nz/shop/duromine-15mg-capsules-30-pack/,
2026-09-18T20:21:50Z,Chemist Warehouse,Mounjaro,2.5mg,429.99,,https://www.chemistwarehouse.co.nz/buy/165180/mounjaro-2-5mg-kwikpen,non-subsidised anchor
2026-09-18T20:21:54Z,Chemist Warehouse,Mounjaro,5mg,499.99,,https://www.chemistwarehouse.co.nz/buy/165181/mounjaro-5mg-kwikpen,non-subsidised anchor
2026-09-18T20:21:56Z,Chemist Warehouse,Mounjaro,7.5mg,689.99,,https://www.chemistwarehouse.co.nz/buy/165182/mounjaro-7-5mg-kwikpen,non-subsidised anchor
2026-09-18T20:22:00Z,Chemist Warehouse,Mounjaro,10mg,689.99,,https://www.chemistwarehouse.co.nz/buy/165183/mounjaro-10mg-kwikpen,non-subsidised anchor
2026-09-18T20:22:03Z,Chemist Warehouse,Mounjaro,12.5mg,874.99,,https://www.chemistwarehouse.co.nz/buy/165184/mounjaro-12-5mg-kwikpen,non-subsidised anchor
2026-09-18T20:22:06Z,Chemist Warehouse,Mounjaro,15mg,874.99,,https://www.chemistwarehouse.co.nz/buy/165217/mounjaro-15mg-kwikpen,non-subsidised anchor
2026-09-18T20:22:09Z,Chemist Warehouse,Wegovy,0.25mg,364.99,,https://www.chemistwarehouse.co.nz/buy/156879/wegovy-0-25mg-flexpen,non-subsidised anchor
2026-09-18T20:22:11Z,Chemist Warehouse,Wegovy,0.5mg,384.99,,https://www.chemistwarehouse.co.nz/buy/156880/wegovy-0-5mg-flexpen,non-subsidised anchor
2026-09-18T20:22:14Z,Chemist Warehouse,Wegovy,1.0mg,404.99,,https://www.chemistwarehouse.co.nz/buy/156881/wegovy-1mg-flexpen,non-subsidised anchor
2026-09-18T20:22:17Z,Chemist Warehouse,Wegovy,1.7mg,449.99,,https://www.chemistwarehouse.co.nz/buy/156882/wegovy-1-7mg-flexpen,non-subsidised anchor
2026-09-18T20:22:19Z,Chemist Warehouse,Wegovy,2.4mg,469.99,,https://www.chemistwarehouse.co.nz/buy/156883/wegovy-2-4mg-flexpen,non-subsidised anchor
2026-09-18T20:22:22Z,Bargain Chemist,Wegovy,2.4mg,469.99,,https://www.bargainchemist.co.nz/products/wegovy-24-mg-flextouch-96mg3ml?_pos=1&_psq=wegovy&_psid=8d1839ab5&_ss=e,
2026-09-18T20:22:22Z,Bargain Chemist,Wegovy,0.25mg,364.99,,https://www.bargainchemist.co.nz/products/wegovy-025-mg-flextouch-1mg15ml?_pos=2&_psq=wegovy&_psid=8d1839ab5&_ss=e,
2026-09-18T20:22:22Z,Bargain Chemist,Wegovy,1.7mg,449.99,,https://www.bargainchemist.co.nz/products/wegovy-17-mg-flextouch-68mg3ml?_pos=3&_psq=wegovy&_psid=8d1839ab5&_ss=e,
2026-09-18T20:22:22Z,Bargain Chemist,Wegovy,1.0mg,409.99,,https://www.bargainchemist.co.nz/products/wegovy-1-mg-flextouch-4mg3ml?_pos=4&_psq=wegovy&_psid=8d1839ab5&_ss=e,
2026-09-18T20:22:22Z,Bargain Chemist,Wegovy,0.5mg,389.99,,https://www.bargainchemist.co.nz/products/wegovy-05-mg-flextouch-2mg15ml?_pos=5&_psq=wegovy&_psid=8d1839ab5&_ss=e,
2026-09-18T20:22:24Z,Bargain Chemist,Mounjaro,2.5mg,429.99,,https://www.bargainchemist.co.nz/products/mounjaro-2-5mg-kwikpen?_pos=1&_psq=mounjaro&_psid=6dedfcdfb&_ss=e,
2026-09-18T20:22:24Z,Bargain Chemist,Mounjaro,7.5mg,688.99,,https://www.bargainchemist.co.nz/products/mounjaro-7-5mg-kwikpen?_pos=2&_psq=mounjaro&_psid=6dedfcdfb&_ss=e,
2026-09-18T20:22:24Z,Bargain Chemist,Mounjaro,15mg,874.99,,https://www.bargainchemist.co.nz/products/mounjaro-15mg-kwikpen?_pos=3&_psq=mounjaro&_psid=6dedfcdfb&_ss=e,
2026-09-18T20:22:24Z,Bargain Chemist,Mounjaro,12.5mg,874.99,,https://www.bargainchemist.co.nz/products/mounjaro-12-5mg-kwikpen?_pos=4&_psq=mounjaro&_psid=6dedfcdfb&_ss=e,
2026-09-18T20:22:24Z,Bargain Chemist,Mounjaro,5mg,499.99,,https://www.bargainchemist.co.nz/products/mounjaro-5mg-kwikpen?_pos=5&_psq=mounjaro&_psid=6dedfcdfb&_ss=e,
2026-09-18T20:22:24Z,Bargain Chemist,Mounjaro,10mg,689.99,,https://www.bargainchemist.co.nz/products/mounjaro-10mg-kwikpen?_pos=6&_psq=mounjaro&_psid=6dedfcdfb&_ss=e,
2026-09-18T20:22:29Z,PillDrop,Wegovy,0.25mg,365.00,,https://pilldrop.co.nz/services/wegovy/,
2026-09-18T20:22:29Z,PillDrop,Wegovy,0.5mg,385.00,,https://pilldrop.co.nz/services/wegovy/,
2026-09-18T20:22:29Z,PillDrop,Wegovy,1.0mg,405.00,,https://pilldrop.co.nz/services/wegovy/,
2026-09-18T20:22:29Z,PillDrop,Wegovy,1.7mg,450.00,,https://pilldrop.co.nz/services/wegovy/,
2026-09-18T20:22:29Z,PillDrop,Wegovy,2.4mg,470.00,,https://pilldrop.co.nz/services/wegovy/,
2026-09-18T20:22:32Z,PillDrop,Mounjaro,2.5mg,430.00,,https://pilldrop.co.nz/services/mounjaro/,
2026-09-18T20:22:32Z,PillDrop,Mounjaro,5mg,500.00,,https://pilldrop.co.nz/services/mounjaro/,
2026-09-18T20:22:32Z,PillDrop,Mounjaro,7.5mg,690.00,,https://pilldrop.co.nz/services/mounjaro/,
2026-09-18T20:22:32Z,PillDrop,Mounjaro,10mg,690.00,,https://pilldrop.co.nz/services/mounjaro/,
2026-09-18T20:22:32Z,PillDrop,Mounjaro,12.5mg,875.00,,https://pilldrop.co.nz/services/mounjaro/,
2026-09-18T20:22:32Z,PillDrop,Mounjaro,15mg,875.00,,https://pilldrop.co.nz/services/mounjaro/,
2026-09-18T20:22:34Z,Zoom Pharmacy,Saxenda,3 x 15ml,1433.49,true,https://zoompharmacy.co.nz/shop/saxenda-liraglutide-3x15ml-injection/,
2026-09-18T20:22:34Z,Zoom Pharmacy,Saxenda,2 x 15ml,956.49,true,https://zoompharmacy.co.nz/shop/saxenda-liraglutide-2x15ml-injection/,
2026-09-18T20:22:34Z,Zoom Pharmacy,Saxenda,1 x 15ml,479.49,true,https://zoompharmacy.co.nz/shop/saxenda-liraglutide-15ml-injection/,
2026-09-18T20:22:37Z,Zoom Pharmacy,Contrave,"8mg/90mg, 112 pack",209.49,true,https://zoompharmacy.co.nz/shop/contrave-naltrexone-bupropion-hydrochloride-8mg-90mg-tablets-112-pack/,
2026-09-18T20:22:40Z,Zoom Pharmacy,Duromine,"30mg, 30 pack",96.99,true,https://zoompharmacy.co.nz/shop/duromine-30mg-capsules-30-pack/,
2026-09-18T20:22:40Z,Zoom Pharmacy,Duromine,"15mg, 30 pack",79.99,true,https://zoompharmacy.co.nz/shop/duromine-15mg-capsules-30-pack/,
2026-09-19T20:21:29Z,Chemist Warehouse,Mounjaro,2.5mg,429.99,,https://www.chemistwarehouse.co.nz/buy/165180/mounjaro-2-5mg-kwikpen,non-subsidised anchor
2026-09-19T20:21:34Z,Chemist Warehouse,Mounjaro,5mg,499.99,,https://www.chemistwarehouse.co.nz/buy/165181/mounjaro-5mg-kwikpen,non-subsidised anchor
2026-09-19T20:21:37Z,Chemist Warehouse,Mounjaro,7.5mg,689.99,,https://www.chemistwarehouse.co.nz/buy/165182/mounjaro-7-5mg-kwikpen,non-subsidised anchor
2026-09-19T20:21:41Z,Chemist Warehouse,Mounjaro,10mg,689.99,,https://www.chemistwarehouse.co.nz/buy/165183/mounjaro-10mg-kwikpen,non-subsidised anchor
2026-09-19T20:21:44Z,Chemist Warehouse,Mounjaro,12.5mg,874.99,,https://www.chemistwarehouse.co.nz/buy/165184/mounjaro-12-5mg-kwikpen,non-subsidised anchor
2026-09-19T20:21:47Z,Chemist Warehouse,Mounjaro,15mg,874.99,,https://www.chemistwarehouse.co.nz/buy/165217/mounjaro-15mg-kwikpen,non-subsidised anchor
2026-09-19T20:21:50Z,Chemist Warehouse,Wegovy,0.25mg,364.99,,https://www.chemistwarehouse.co.nz/buy/156879/wegovy-0-25mg-flexpen,non-subsidised anchor
2026-09-19T20:21:52Z,Chemist Warehouse,Wegovy,0.5mg,384.99,,https://www.chemistwarehouse.co.nz/buy/156880/wegovy-0-5mg-flexpen,non-subsidised anchor
2026-09-19T20:21:55Z,Chemist Warehouse,Wegovy,1.0mg,404.99,,https://www.chemistwarehouse.co.nz/buy/156881/wegovy-1mg-flexpen,non-subsidised anchor
2026-09-19T20:21:58Z,Chemist Warehouse,Wegovy,1.7mg,449.99,,https://www.chemistwarehouse.co.nz/buy/156882/wegovy-1-7mg-flexpen,non-subsidised anchor
2026-09-19T20:22:02Z,Chemist Warehouse,Wegovy,2.4mg,469.99,,https://www.chemistwarehouse.co.nz/buy/156883/wegovy-2-4mg-flexpen,non-subsidised anchor
2026-09-19T20:22:05Z,Bargain Chemist,Wegovy,2.4mg,469.99,,https://www.bargainchemist.co.nz/products/wegovy-24-mg-flextouch-96mg3ml?_pos=1&_psq=wegovy&_psid=632b0d039&_ss=e,
2026-09-19T20:22:05Z,Bargain Chemist,Wegovy,0.25mg,364.99,,https://www.bargainchemist.co.nz/products/wegovy-025-mg-flextouch-1mg15ml?_pos=2&_psq=wegovy&_psid=632b0d039&_ss=e,
2026-09-19T20:22:05Z,Bargain Chemist,Wegovy,1.7mg,449.99,,https://www.bargainchemist.co.nz/products/wegovy-17-mg-flextouch-68mg3ml?_pos=3&_psq=wegovy&_psid=632b0d039&_ss=e,
2026-09-19T20:22:05Z,Bargain Chemist,Wegovy,1.0mg,409.99,,https://www.bargainchemist.co.nz/products/wegovy-1-mg-flextouch-4mg3ml?_pos=4&_psq=wegovy&_psid=632b0d039&_ss=e,
2026-09-19T20:22:05Z,Bargain Chemist,Wegovy,0.5mg,389.99,,https://www.bargainchemist.co.nz/products/wegovy-05-mg-flextouch-2mg15ml?_pos=5&_psq=wegovy&_psid=632b0d039&_ss=e,
2026-09-19T20:22:07Z,Bargain Chemist,Mounjaro,2.5mg,429.99,,https://www.bargainchemist.co.nz/products/mounjaro-2-5mg-kwikpen?_pos=1&_psq=mounjaro&_psid=c570259fa&_ss=e,
2026-09-19T20:22:07Z,Bargain Chemist,Mounjaro,7.5mg,688.99,,https://www.bargainchemist.co.nz/products/mounjaro-7-5mg-kwikpen?_pos=2&_psq=mounjaro&_psid=c570259fa&_ss=e,
2026-09-19T20:22:07Z,Bargain Chemist,Mounjaro,15mg,874.99,,https://www.bargainchemist.co.nz/products/mounjaro-15mg-kwikpen?_pos=3&_psq=mounjaro&_psid=c570259fa&_ss=e,
2026-09-19T20:22:07Z,Bargain Chemist,Mounjaro,12.5mg,874.99,,https://www.bargainchemist.co.nz/products/mounjaro-12-5mg-kwikpen?_pos=4&_psq=mounjaro&_psid=c570259fa&_ss=e,
2026-09-19T20:22:07Z,Bargain Chemist,Mounjaro,5mg,499.99,,https://www.bargainchemist.co.nz/products/mounjaro-5mg-kwikpen?_pos=5&_psq=mounjaro&_psid=c570259fa&_ss=e,
2026-09-19T20:22:07Z,Bargain Chemist,Mounjaro,10mg,689.99,,https://www.bargainchemist.co.nz/products/mounjaro-10mg-kwikpen?_pos=6&_psq=mounjaro&_psid=c570259fa&_ss=e,
2026-09-19T20:22:12Z,PillDrop,Wegovy,0.25mg,365.00,,https://pilldrop.co.nz/services/wegovy/,
2026-09-19T20:22:12Z,PillDrop,Wegovy,0.5mg,385.00,,https://pilldrop.co.nz/services/wegovy/,
2026-09-19T20:22:12Z,PillDrop,Wegovy,1.0mg,405.00,,https://pilldrop.co.nz/services/wegovy/,
2026-09-19T20:22:12Z,PillDrop,Wegovy,1.7mg,450.00,,https://pilldrop.co.nz/services/wegovy/,
2026-09-19T20:22:12Z,PillDrop,Wegovy,2.4mg,470.00,,https://pilldrop.co.nz/services/wegovy/,
2026-09-19T20:22:15Z,PillDrop,Mounjaro,2.5mg,430.00,,https://pilldrop.co.nz/services/mounjaro/,
2026-09-19T20:22:15Z,PillDrop,Mounjaro,5mg,500.00,,https://pilldrop.co.nz/services/mounjaro/,
2026-09-19T20:22:15Z,PillDrop,Mounjaro,7.5mg,690.00,,https://pilldrop.co.nz/services/mounjaro/,
2026-09-19T20:22:15Z,PillDrop,Mounjaro,10mg,690.00,,https://pilldrop.co.nz/services/mounjaro/,
2026-09-19T20:22:15Z,PillDrop,Mounjaro,12.5mg,875.00,,https://pilldrop.co.nz/services/mounjaro/,
2026-09-19T20:22:15Z,PillDrop,Mounjaro,15mg,875.00,,https://pilldrop.co.nz/services/mounjaro/,
2026-09-19T20:22:18Z,Zoom Pharmacy,Saxenda,3 x 15ml,1433.49,true,https://zoompharmacy.co.nz/shop/saxenda-liraglutide-3x15ml-injection/,
2026-09-19T20:22:18Z,Zoom Pharmacy,Saxenda,2 x 15ml,956.49,true,https://zoompharmacy.co.nz/shop/saxenda-liraglutide-2x15ml-injection/,
2026-09-19T20:22:18Z,Zoom Pharmacy,Saxenda,1 x 15ml,479.49,true,https://zoompharmacy.co.nz/shop/saxenda-liraglutide-15ml-injection/,
2026-09-19T20:22:21Z,Zoom Pharmacy,Contrave,"8mg/90mg, 112 pack",209.49,true,https://zoompharmacy.co.nz/shop/contrave-naltrexone-bupropion-hydrochloride-8mg-90mg-tablets-112-pack/,
2026-09-19T20:22:23Z,Zoom Pharmacy,Duromine,"30mg, 30 pack",96.99,true,https://zoompharmacy.co.nz/shop/duromine-30mg-capsules-30-pack/,
2026-09-19T20:22:23Z,Zoom Pharmacy,Duromine,"15mg, 30 pack",79.99,true,https://zoompharmacy.co.nz/shop/duromine-15mg-capsules-30-pack/,
2026-09-20T20:21:13Z,Chemist Warehouse,Mounjaro,2.5mg,429.99,,https://www.chemistwarehouse.co.nz/buy/165180/mounjaro-2-5mg-kwikpen,non-subsidised anchor
2026-09-20T20:21:15Z,Chemist Warehouse,Mounjaro,5mg,499.99,,https://www.chemistwarehouse.co.nz/buy/165181/mounjaro-5mg-kwikpen,non-subsidised anchor
2026-09-20T20:21:18Z,Chemist Warehouse,Mounjaro,7.5mg,689.99,,https://www.chemistwarehouse.co.nz/buy/165182/mounjaro-7-5mg-kwikpen,non-subsidised anchor
2026-09-20T20:21:21Z,Chemist Warehouse,Mounjaro,10mg,689.99,,https://www.chemistwarehouse.co.nz/buy/165183/mounjaro-10mg-kwikpen,non-subsidised anchor
2026-09-20T20:21:23Z,Chemist Warehouse,Mounjaro,12.5mg,874.99,,https://www.chemistwarehouse.co.nz/buy/165184/mounjaro-12-5mg-kwikpen,non-subsidised anchor
2026-09-20T20:21:27Z,Chemist Warehouse,Mounjaro,15mg,874.99,,https://www.chemistwarehouse.co.nz/buy/165217/mounjaro-15mg-kwikpen,non-subsidised anchor
2026-09-20T20:21:31Z,Chemist Warehouse,Wegovy,0.25mg,364.99,,https://www.chemistwarehouse.co.nz/buy/156879/wegovy-0-25mg-flexpen,non-subsidised anchor
2026-09-20T20:21:33Z,Chemist Warehouse,Wegovy,0.5mg,384.99,,https://www.chemistwarehouse.co.nz/buy/156880/wegovy-0-5mg-flexpen,non-subsidised anchor
2026-09-20T20:21:36Z,Chemist Warehouse,Wegovy,1.0mg,404.99,,https://www.chemistwarehouse.co.nz/buy/156881/wegovy-1mg-flexpen,non-subsidised anchor
2026-09-20T20:21:39Z,Chemist Warehouse,Wegovy,1.7mg,449.99,,https://www.chemistwarehouse.co.nz/buy/156882/wegovy-1-7mg-flexpen,non-subsidised anchor
2026-09-20T20:21:42Z,Chemist Warehouse,Wegovy,2.4mg,469.99,,https://www.chemistwarehouse.co.nz/buy/156883/wegovy-2-4mg-flexpen,non-subsidised anchor
2026-09-20T20:21:45Z,Bargain Chemist,Wegovy,2.4mg,469.99,,https://www.bargainchemist.co.nz/products/wegovy-24-mg-flextouch-96mg3ml?_pos=1&_psq=wegovy&_psid=37a40c8fa&_ss=e,
2026-09-20T20:21:45Z,Bargain Chemist,Wegovy,0.25mg,364.99,,https://www.bargainchemist.co.nz/products/wegovy-025-mg-flextouch-1mg15ml?_pos=2&_psq=wegovy&_psid=37a40c8fa&_ss=e,
2026-09-20T20:21:45Z,Bargain Chemist,Wegovy,1.7mg,449.99,,https://www.bargainchemist.co.nz/products/wegovy-17-mg-flextouch-68mg3ml?_pos=3&_psq=wegovy&_psid=37a40c8fa&_ss=e,
2026-09-20T20:21:45Z,Bargain Chemist,Wegovy,1.0mg,409.99,,https://www.bargainchemist.co.nz/products/wegovy-1-mg-flextouch-4mg3ml?_pos=4&_psq=wegovy&_psid=37a40c8fa&_ss=e,
2026-09-20T20:21:45Z,Bargain Chemist,Wegovy,0.5mg,389.99,,https://www.bargainchemist.co.nz/products/wegovy-05-mg-flextouch-2mg15ml?_pos=5&_psq=wegovy&_psid=37a40c8fa&_ss=e,
2026-09-20T20:21:47Z,Bargain Chemist,Mounjaro,2.5mg,429.99,,https://www.bargainchemist.co.nz/products/mounjaro-2-5mg-kwikpen?_pos=1&_psq=mounjaro&_psid=faf816502&_ss=e,
2026-09-20T20:21:47Z,Bargain Chemist,Mounjaro,7.5mg,688.99,,https://www.bargainchemist.co.nz/products/mounjaro-7-5mg-kwikpen?_pos=2&_psq=mounjaro&_psid=faf816502&_ss=e,
2026-09-20T20:21:47Z,Bargain Chemist,Mounjaro,15mg,874.99,,https://www.bargainchemist.co.nz/products/mounjaro-15mg-kwikpen?_pos=3&_psq=mounjaro&_psid=faf816502&_ss=e,
2026-09-20T20:21:47Z,Bargain Chemist,Mounjaro,5mg,499.99,,https://www.bargainchemist.co.nz/products/mounjaro-5mg-kwikpen?_pos=4&_psq=mounjaro&_psid=faf816502&_ss=e,
2026-09-20T20:21:47Z,Bargain Chemist,Mounjaro,12.5mg,874.99,,https://www.bargainchemist.co.nz/products/mounjaro-12-5mg-kwikpen?_pos=5&_psq=mounjaro&_psid=faf816502&_ss=e,
2026-09-20T20:21:47Z,Bargain Chemist,Mounjaro,10mg,689.99,,https://www.bargainchemist.co.nz/products/mounjaro-10mg-kwikpen?_pos=6&_psq=mounjaro&_psid=faf816502&_ss=e,
2026-09-20T20:21:52Z,PillDrop,Wegovy,0.25mg,365.00,,https://pilldrop.co.nz/services/wegovy/,
2026-09-20T20:21:52Z,PillDrop,Wegovy,0.5mg,385.00,,https://pilldrop.co.nz/services/wegovy/,
2026-09-20T20:21:52Z,PillDrop,Wegovy,1.0mg,405.00,,https://pilldrop.co.nz/services/wegovy/,
2026-09-20T20:21:52Z,PillDrop,Wegovy,1.7mg,450.00,,https://pilldrop.co.nz/services/wegovy/,
2026-09-20T20:21:52Z,PillDrop,Wegovy,2.4mg,470.00,,https://pilldrop.co.nz/services/wegovy/,
2026-09-20T20:21:55Z,PillDrop,Mounjaro,2.5mg,430.00,,https://pilldrop.co.nz/services/mounjaro/,
2026-09-20T20:21:55Z,PillDrop,Mounjaro,5mg,500.00,,https://pilldrop.co.nz/services/mounjaro/,
2026-09-20T20:21:55Z,PillDrop,Mounjaro,7.5mg,690.00,,https://pilldrop.co.nz/services/mounjaro/,
2026-09-20T20:21:55Z,PillDrop,Mounjaro,10mg,690.00,,https://pilldrop.co.nz/services/mounjaro/,
2026-09-20T20:21:55Z,PillDrop,Mounjaro,12.5mg,875.00,,https://pilldrop.co.nz/services/mounjaro/,
2026-09-20T20:21:55Z,PillDrop,Mounjaro,15mg,875.00,,https://pilldrop.co.nz/services/mounjaro/,
2026-09-20T20:21:58Z,Zoom Pharmacy,Saxenda,3 x 15ml,1433.49,true,https://zoompharmacy.co.nz/shop/saxenda-liraglutide-3x15ml-injection/,
2026-09-20T20:21:58Z,Zoom Pharmacy,Saxenda,2 x 15ml,956.49,true,https://zoompharmacy.co.nz/shop/saxenda-liraglutide-2x15ml-injection/,
2026-09-20T20:21:58Z,Zoom Pharmacy,Saxenda,1 x 15ml,479.49,true,https://zoompharmacy.co.nz/shop/saxenda-liraglutide-15ml-injection/,
2026-09-20T20:22:01Z,Zoom Pharmacy,Contrave,"8mg/90mg, 112 pack",209.49,true,https://zoompharmacy.co.nz/shop/contrave-naltrexone-bupropion-hydrochloride-8mg-90mg-tablets-112-pack/,
2026-09-20T20:22:03Z,Zoom Pharmacy,Duromine,"30mg, 30 pack",96.99,true,https://zoompharmacy.co.nz/shop/duromine-30mg-capsules-30-pack/,
2026-09-20T20:22:03Z,Zoom Pharmacy,Duromine,"15mg, 30 pack",79.99,true,https://zoompharmacy.co.nz/shop/duromine-15mg-capsules-30-pack/,
2026-09-21T20:22:09Z,Chemist Warehouse,Mounjaro,2.5mg,429.99,,https://www.chemistwarehouse.co.nz/buy/165180/mounjaro-2-5mg-kwikpen,non-subsidised anchor
2026-09-21T20:22:12Z,Chemist Warehouse,Mounjaro,5mg,499.99,,https://www.chemistwarehouse.co.nz/buy/165181/mounjaro-5mg-kwikpen,non-subsidised anchor
2026-09-21T20:22:15Z,Chemist Warehouse,Mounjaro,7.5mg,689.99,,https://www.chemistwarehouse.co.nz/buy/165182/mounjaro-7-5mg-kwikpen,non-subsidised anchor
2026-09-21T20:22:18Z,Chemist Warehouse,Mounjaro,10mg,689.99,,https://www.chemistwarehouse.co.nz/buy/165183/mounjaro-10mg-kwikpen,non-subsidised anchor
2026-09-21T20:22:21Z,Chemist Warehouse,Mounjaro,12.5mg,874.99,,https://www.chemistwarehouse.co.nz/buy/165184/mounjaro-12-5mg-kwikpen,non-subsidised anchor
2026-09-21T20:22:24Z,Chemist Warehouse,Mounjaro,15mg,874.99,,https://www.chemistwarehouse.co.nz/buy/165217/mounjaro-15mg-kwikpen,non-subsidised anchor
2026-09-21T20:22:26Z,Chemist Warehouse,Wegovy,0.25mg,364.99,,https://www.chemistwarehouse.co.nz/buy/156879/wegovy-0-25mg-flexpen,non-subsidised anchor
2026-09-21T20:22:29Z,Chemist Warehouse,Wegovy,0.5mg,384.99,,https://www.chemistwarehouse.co.nz/buy/156880/wegovy-0-5mg-flexpen,non-subsidised anchor
2026-09-21T20:22:32Z,Chemist Warehouse,Wegovy,1.0mg,404.99,,https://www.chemistwarehouse.co.nz/buy/156881/wegovy-1mg-flexpen,non-subsidised anchor
2026-09-21T20:22:35Z,Chemist Warehouse,Wegovy,1.7mg,449.99,,https://www.chemistwarehouse.co.nz/buy/156882/wegovy-1-7mg-flexpen,non-subsidised anchor
2026-09-21T20:22:37Z,Chemist Warehouse,Wegovy,2.4mg,469.99,,https://www.chemistwarehouse.co.nz/buy/156883/wegovy-2-4mg-flexpen,non-subsidised anchor
2026-09-21T20:22:40Z,Bargain Chemist,Wegovy,2.4mg,469.99,,https://www.bargainchemist.co.nz/products/wegovy-24-mg-flextouch-96mg3ml?_pos=1&_psq=wegovy&_psid=d49dbdfdd&_ss=e,
2026-09-21T20:22:40Z,Bargain Chemist,Wegovy,0.25mg,364.99,,https://www.bargainchemist.co.nz/products/wegovy-025-mg-flextouch-1mg15ml?_pos=2&_psq=wegovy&_psid=d49dbdfdd&_ss=e,
2026-09-21T20:22:40Z,Bargain Chemist,Wegovy,1.7mg,449.99,,https://www.bargainchemist.co.nz/products/wegovy-17-mg-flextouch-68mg3ml?_pos=3&_psq=wegovy&_psid=d49dbdfdd&_ss=e,
2026-09-21T20:22:40Z,Bargain Chemist,Wegovy,1.0mg,409.99,,https://www.bargainchemist.co.nz/products/wegovy-1-mg-flextouch-4mg3ml?_pos=4&_psq=wegovy&_psid=d49dbdfdd&_ss=e,
2026-09-21T20:22:40Z,Bargain Chemist,Wegovy,0.5mg,389.99,,https://www.bargainchemist.co.nz/products/wegovy-05-mg-flextouch-2mg15ml?_pos=5&_psq=wegovy&_psid=d49dbdfdd&_ss=e,
2026-09-21T20:22:42Z,Bargain Chemist,Mounjaro,2.5mg,429.99,,https://www.bargainchemist.co.nz/products/mounjaro-2-5mg-kwikpen?_pos=1&_psq=mounjaro&_psid=bc4198eff&_ss=e,
2026-09-21T20:22:42Z,Bargain Chemist,Mounjaro,7.5mg,688.99,,https://www.bargainchemist.co.nz/products/mounjaro-7-5mg-kwikpen?_pos=2&_psq=mounjaro&_psid=bc4198eff&_ss=e,
2026-09-21T20:22:42Z,Bargain Chemist,Mounjaro,15mg,874.99,,https://www.bargainchemist.co.nz/products/mounjaro-15mg-kwikpen?_pos=3&_psq=mounjaro&_psid=bc4198eff&_ss=e,
2026-09-21T20:22:42Z,Bargain Chemist,Mounjaro,5mg,499.99,,https://www.bargainchemist.co.nz/products/mounjaro-5mg-kwikpen?_pos=4&_psq=mounjaro&_psid=bc4198eff&_ss=e,
2026-09-21T20:22:42Z,Bargain Chemist,Mounjaro,12.5mg,874.99,,https://www.bargainchemist.co.nz/products/mounjaro-12-5mg-kwikpen?_pos=5&_psq=mounjaro&_psid=bc4198eff&_ss=e,
2026-09-21T20:22:42Z,Bargain Chemist,Mounjaro,10mg,689.99,,https://www.bargainchemist.co.nz/products/mounjaro-10mg-kwikpen?_pos=6&_psq=mounjaro&_psid=bc4198eff&_ss=e,
2026-09-21T20:22:47Z,PillDrop,Wegovy,0.25mg,365.00,,https://pilldrop.co.nz/services/wegovy/,
2026-09-21T20:22:47Z,PillDrop,Wegovy,0.5mg,385.00,,https://pilldrop.co.nz/services/wegovy/,
2026-09-21T20:22:47Z,PillDrop,Wegovy,1.0mg,405.00,,https://pilldrop.co.nz/services/wegovy/,
2026-09-21T20:22:47Z,PillDrop,Wegovy,1.7mg,450.00,,https://pilldrop.co.nz/services/wegovy/,
2026-09-21T20:22:47Z,PillDrop,Wegovy,2.4mg,470.00,,https://pilldrop.co.nz/services/wegovy/,
2026-09-21T20:22:50Z,PillDrop,Mounjaro,2.5mg,430.00,,https://pilldrop.co.nz/services/mounjaro/,
2026-09-21T20:22:50Z,PillDrop,Mounjaro,5mg,500.00,,https://pilldrop.co.nz/services/mounjaro/,
2026-09-21T20:22:50Z,PillDrop,Mounjaro,7.5mg,690.00,,https://pilldrop.co.nz/services/mounjaro/,
2026-09-21T20:22:50Z,PillDrop,Mounjaro,10mg,690.00,,https://pilldrop.co.nz/services/mounjaro/,
2026-09-21T20:22:50Z,PillDrop,Mounjaro,12.5mg,875.00,,https://pilldrop.co.nz/services/mounjaro/,
2026-09-21T20:22:50Z,PillDrop,Mounjaro,15mg,875.00,,https://pilldrop.co.nz/services/mounjaro/,
2026-09-21T20:22:53Z,Zoom Pharmacy,Saxenda,3 x 15ml,1433.49,true,https://zoompharmacy.co.nz/shop/saxenda-liraglutide-3x15ml-injection/,
2026-09-21T20:22:53Z,Zoom Pharmacy,Saxenda,2 x 15ml,956.49,true,https://zoompharmacy.co.nz/shop/saxenda-liraglutide-2x15ml-injection/,
2026-09-21T20:22:53Z,Zoom Pharmacy,Saxenda,1 x 15ml,479.49,true,https://zoompharmacy.co.nz/shop/saxenda-liraglutide-15ml-injection/,
2026-09-21T20:22:56Z,Zoom Pharmacy,Contrave,"8mg/90mg, 112 pack",209.49,true,https://zoompharmacy.co.nz/shop/contrave-naltrexone-bupropion-hydrochloride-8mg-90mg-tablets-112-pack/,
2026-09-21T20:22:58Z,Zoom Pharmacy,Duromine,"30mg, 30 pack",96.99,true,https://zoompharmacy.co.nz/shop/duromine-30mg-capsules-30-pack/,
2026-09-21T20:22:58Z,Zoom Pharmacy,Duromine,"15mg, 30 pack",79.99,true,https://zoompharmacy.co.nz/shop/duromine-15mg-capsules-30-pack/,
2026-09-22T20:21:16Z,Chemist Warehouse,Mounjaro,2.5mg,429.99,,https://www.chemistwarehouse.co.nz/buy/165180/mounjaro-2-5mg-kwikpen,non-subsidised anchor
2026-09-22T20:21:21Z,Chemist Warehouse,Mounjaro,5mg,499.99,,https://www.chemistwarehouse.co.nz/buy/165181/mounjaro-5mg-kwikpen,non-subsidised anchor
2026-09-22T20:21:24Z,Chemist Warehouse,Mounjaro,7.5mg,689.99,,https://www.chemistwarehouse.co.nz/buy/165182/mounjaro-7-5mg-kwikpen,non-subsidised anchor
2026-09-22T20:21:26Z,Chemist Warehouse,Mounjaro,10mg,689.99,,https://www.chemistwarehouse.co.nz/buy/165183/mounjaro-10mg-kwikpen,non-subsidised anchor
2026-09-22T20:21:29Z,Chemist Warehouse,Mounjaro,12.5mg,874.99,,https://www.chemistwarehouse.co.nz/buy/165184/mounjaro-12-5mg-kwikpen,non-subsidised anchor
2026-09-22T20:21:32Z,Chemist Warehouse,Mounjaro,15mg,874.99,,https://www.chemistwarehouse.co.nz/buy/165217/mounjaro-15mg-kwikpen,non-subsidised anchor
2026-09-22T20:21:35Z,Chemist Warehouse,Wegovy,0.25mg,364.99,,https://www.chemistwarehouse.co.nz/buy/156879/wegovy-0-25mg-flexpen,non-subsidised anchor
2026-09-22T20:21:38Z,Chemist Warehouse,Wegovy,0.5mg,384.99,,https://www.chemistwarehouse.co.nz/buy/156880/wegovy-0-5mg-flexpen,non-subsidised anchor
2026-09-22T20:21:40Z,Chemist Warehouse,Wegovy,1.0mg,404.99,,https://www.chemistwarehouse.co.nz/buy/156881/wegovy-1mg-flexpen,non-subsidised anchor
2026-09-22T20:21:45Z,Chemist Warehouse,Wegovy,1.7mg,449.99,,https://www.chemistwarehouse.co.nz/buy/156882/wegovy-1-7mg-flexpen,non-subsidised anchor
2026-09-22T20:21:47Z,Chemist Warehouse,Wegovy,2.4mg,469.99,,https://www.chemistwarehouse.co.nz/buy/156883/wegovy-2-4mg-flexpen,non-subsidised anchor
2026-09-22T20:21:50Z,Bargain Chemist,Wegovy,2.4mg,469.99,,https://www.bargainchemist.co.nz/products/wegovy-24-mg-flextouch-96mg3ml?_pos=1&_psq=wegovy&_psid=402269c9c&_ss=e,
2026-09-22T20:21:50Z,Bargain Chemist,Wegovy,0.25mg,364.99,,https://www.bargainchemist.co.nz/products/wegovy-025-mg-flextouch-1mg15ml?_pos=2&_psq=wegovy&_psid=402269c9c&_ss=e,
2026-09-22T20:21:50Z,Bargain Chemist,Wegovy,1.7mg,449.99,,https://www.bargainchemist.co.nz/products/wegovy-17-mg-flextouch-68mg3ml?_pos=3&_psq=wegovy&_psid=402269c9c&_ss=e,
2026-09-22T20:21:50Z,Bargain Chemist,Wegovy,1.0mg,409.99,,https://www.bargainchemist.co.nz/products/wegovy-1-mg-flextouch-4mg3ml?_pos=4&_psq=wegovy&_psid=402269c9c&_ss=e,
2026-09-22T20:21:50Z,Bargain Chemist,Wegovy,0.5mg,389.99,,https://www.bargainchemist.co.nz/products/wegovy-05-mg-flextouch-2mg15ml?_pos=5&_psq=wegovy&_psid=402269c9c&_ss=e,
2026-09-22T20:21:52Z,Bargain Chemist,Mounjaro,2.5mg,429.99,,https://www.bargainchemist.co.nz/products/mounjaro-2-5mg-kwikpen?_pos=1&_psq=mounjaro&_psid=747653426&_ss=e,
2026-09-22T20:21:52Z,Bargain Chemist,Mounjaro,7.5mg,688.99,,https://www.bargainchemist.co.nz/products/mounjaro-7-5mg-kwikpen?_pos=2&_psq=mounjaro&_psid=747653426&_ss=e,
2026-09-22T20:21:52Z,Bargain Chemist,Mounjaro,15mg,874.99,,https://www.bargainchemist.co.nz/products/mounjaro-15mg-kwikpen?_pos=3&_psq=mounjaro&_psid=747653426&_ss=e,
2026-09-22T20:21:52Z,Bargain Chemist,Mounjaro,5mg,499.99,,https://www.bargainchemist.co.nz/products/mounjaro-5mg-kwikpen?_pos=4&_psq=mounjaro&_psid=747653426&_ss=e,
2026-09-22T20:21:52Z,Bargain Chemist,Mounjaro,12.5mg,874.99,,https://www.bargainchemist.co.nz/products/mounjaro-12-5mg-kwikpen?_pos=5&_psq=mounjaro&_psid=747653426&_ss=e,
2026-09-22T20:21:52Z,Bargain Chemist,Mounjaro,10mg,689.99,,https://www.bargainchemist.co.nz/products/mounjaro-10mg-kwikpen?_pos=6&_psq=mounjaro&_psid=747653426&_ss=e,
2026-09-22T20:21:57Z,PillDrop,Wegovy,0.25mg,365.00,,https://pilldrop.co.nz/services/wegovy/,
2026-09-22T20:21:57Z,PillDrop,Wegovy,0.5mg,385.00,,https://pilldrop.co.nz/services/wegovy/,
2026-09-22T20:21:57Z,PillDrop,Wegovy,1.0mg,405.00,,https://pilldrop.co.nz/services/wegovy/,
2026-09-22T20:21:57Z,PillDrop,Wegovy,1.7mg,450.00,,https://pilldrop.co.nz/services/wegovy/,
2026-09-22T20:21:57Z,PillDrop,Wegovy,2.4mg,470.00,,https://pilldrop.co.nz/services/wegovy/,
2026-09-22T20:22:00Z,PillDrop,Mounjaro,2.5mg,430.00,,https://pilldrop.co.nz/services/mounjaro/,
2026-09-22T20:22:00Z,PillDrop,Mounjaro,5mg,500.00,,https://pilldrop.co.nz/services/mounjaro/,
2026-09-22T20:22:00Z,PillDrop,Mounjaro,7.5mg,690.00,,https://pilldrop.co.nz/services/mounjaro/,
2026-09-22T20:22:00Z,PillDrop,Mounjaro,10mg,690.00,,https://pilldrop.co.nz/services/mounjaro/,
2026-09-22T20:22:00Z,PillDrop,Mounjaro,12.5mg,875.00,,https://pilldrop.co.nz/services/mounjaro/,
2026-09-22T20:22:00Z,PillDrop,Mounjaro,15mg,875.00,,https://pilldrop.co.nz/services/mounjaro/,
2026-09-22T20:22:02Z,Zoom Pharmacy,Saxenda,3 x 15ml,1433.49,true,https://zoompharmacy.co.nz/shop/saxenda-liraglutide-3x15ml-injection/,
2026-09-22T20:22:02Z,Zoom Pharmacy,Saxenda,2 x 15ml,956.49,true,https://zoompharmacy.co.nz/shop/saxenda-liraglutide-2x15ml-injection/,
2026-09-22T20:22:02Z,Zoom Pharmacy,Saxenda,1 x 15ml,479.49,true,https://zoompharmacy.co.nz/shop/saxenda-liraglutide-15ml-injection/,
2026-09-22T20:22:05Z,Zoom Pharmacy,Contrave,"8mg/90mg, 112 pack",209.49,true,https://zoompharmacy.co.nz/shop/contrave-naltrexone-bupropion-hydrochloride-8mg-90mg-tablets-112-pack/,
2026-09-22T20:22:08Z,Zoom Pharmacy,Duromine,"30mg, 30 pack",96.99,true,https://zoompharmacy.co.nz/shop/duromine-30mg-capsules-30-pack/,
2026-09-22T20:22:08Z,Zoom Pharmacy,Duromine,"15mg, 30 pack",79.99,true,https://zoompharmacy.co.nz/shop/duromine-15mg-capsules-30-pack/,
2026-09-23T20:23:11Z,Chemist Warehouse,Mounjaro,2.5mg,429.99,,https://www.chemistwarehouse.co.nz/buy/165180/mounjaro-2-5mg-kwikpen,non-subsidised anchor
2026-09-23T20:23:16Z,Chemist Warehouse,Mounjaro,5mg,499.99,,https://www.chemistwarehouse.co.nz/buy/165181/mounjaro-5mg-kwikpen,non-subsidised anchor
2026-09-23T20:23:19Z,Chemist Warehouse,Mounjaro,7.5mg,689.99,,https://www.chemistwarehouse.co.nz/buy/165182/mounjaro-7-5mg-kwikpen,non-subsidised anchor
2026-09-23T20:23:22Z,Chemist Warehouse,Mounjaro,10mg,689.99,,https://www.chemistwarehouse.co.nz/buy/165183/mounjaro-10mg-kwikpen,non-subsidised anchor
2026-09-23T20:23:25Z,Chemist Warehouse,Mounjaro,12.5mg,874.99,,https://www.chemistwarehouse.co.nz/buy/165184/mounjaro-12-5mg-kwikpen,non-subsidised anchor
2026-09-23T20:23:28Z,Chemist Warehouse,Mounjaro,15mg,874.99,,https://www.chemistwarehouse.co.nz/buy/165217/mounjaro-15mg-kwikpen,non-subsidised anchor
2026-09-23T20:23:31Z,Chemist Warehouse,Wegovy,0.25mg,364.99,,https://www.chemistwarehouse.co.nz/buy/156879/wegovy-0-25mg-flexpen,non-subsidised anchor
2026-09-23T20:23:34Z,Chemist Warehouse,Wegovy,0.5mg,384.99,,https://www.chemistwarehouse.co.nz/buy/156880/wegovy-0-5mg-flexpen,non-subsidised anchor
2026-09-23T20:23:37Z,Chemist Warehouse,Wegovy,1.0mg,404.99,,https://www.chemistwarehouse.co.nz/buy/156881/wegovy-1mg-flexpen,non-subsidised anchor
2026-09-23T20:23:40Z,Chemist Warehouse,Wegovy,1.7mg,449.99,,https://www.chemistwarehouse.co.nz/buy/156882/wegovy-1-7mg-flexpen,non-subsidised anchor
2026-09-23T20:23:42Z,Chemist Warehouse,Wegovy,2.4mg,469.99,,https://www.chemistwarehouse.co.nz/buy/156883/wegovy-2-4mg-flexpen,non-subsidised anchor
2026-09-23T20:23:45Z,Bargain Chemist,Wegovy,2.4mg,469.99,,https://www.bargainchemist.co.nz/products/wegovy-24-mg-flextouch-96mg3ml?_pos=1&_psq=wegovy&_psid=248d5354b&_ss=e,
2026-09-23T20:23:45Z,Bargain Chemist,Wegovy,0.25mg,364.99,,https://www.bargainchemist.co.nz/products/wegovy-025-mg-flextouch-1mg15ml?_pos=2&_psq=wegovy&_psid=248d5354b&_ss=e,
2026-09-23T20:23:45Z,Bargain Chemist,Wegovy,1.7mg,449.99,,https://www.bargainchemist.co.nz/products/wegovy-17-mg-flextouch-68mg3ml?_pos=3&_psq=wegovy&_psid=248d5354b&_ss=e,
2026-09-23T20:23:45Z,Bargain Chemist,Wegovy,1.0mg,409.99,,https://www.bargainchemist.co.nz/products/wegovy-1-mg-flextouch-4mg3ml?_pos=4&_psq=wegovy&_psid=248d5354b&_ss=e,
2026-09-23T20:23:45Z,Bargain Chemist,Wegovy,0.5mg,389.99,,https://www.bargainchemist.co.nz/products/wegovy-05-mg-flextouch-2mg15ml?_pos=5&_psq=wegovy&_psid=248d5354b&_ss=e,
2026-09-23T20:23:48Z,Bargain Chemist,Mounjaro,2.5mg,429.99,,https://www.bargainchemist.co.nz/products/mounjaro-2-5mg-kwikpen?_pos=1&_psq=mounjaro&_psid=5cda90289&_ss=e,
2026-09-23T20:23:48Z,Bargain Chemist,Mounjaro,7.5mg,688.99,,https://www.bargainchemist.co.nz/products/mounjaro-7-5mg-kwikpen?_pos=2&_psq=mounjaro&_psid=5cda90289&_ss=e,
2026-09-23T20:23:48Z,Bargain Chemist,Mounjaro,15mg,874.99,,https://www.bargainchemist.co.nz/products/mounjaro-15mg-kwikpen?_pos=3&_psq=mounjaro&_psid=5cda90289&_ss=e,
2026-09-23T20:23:48Z,Bargain Chemist,Mounjaro,5mg,499.99,,https://www.bargainchemist.co.nz/products/mounjaro-5mg-kwikpen?_pos=4&_psq=mounjaro&_psid=5cda90289&_ss=e,
2026-09-23T20:23:48Z,Bargain Chemist,Mounjaro,12.5mg,874.99,,https://www.bargainchemist.co.nz/products/mounjaro-12-5mg-kwikpen?_pos=5&_psq=mounjaro&_psid=5cda90289&_ss=e,
2026-09-23T20:23:48Z,Bargain Chemist,Mounjaro,10mg,689.99,,https://www.bargainchemist.co.nz/products/mounjaro-10mg-kwikpen?_pos=6&_psq=mounjaro&_psid=5cda90289&_ss=e,
2026-09-23T20:23:53Z,PillDrop,Wegovy,0.25mg,365.00,,https://pilldrop.co.nz/services/wegovy/,
2026-09-23T20:23:53Z,PillDrop,Wegovy,0.5mg,385.00,,https://pilldrop.co.nz/services/wegovy/,
2026-09-23T20:23:53Z,PillDrop,Wegovy,1.0mg,405.00,,https://pilldrop.co.nz/services/wegovy/,
2026-09-23T20:23:53Z,PillDrop,Wegovy,1.7mg,450.00,,https://pilldrop.co.nz/services/wegovy/,
2026-09-23T20:23:53Z,PillDrop,Wegovy,2.4mg,470.00,,https://pilldrop.co.nz/services/wegovy/,
2026-09-23T20:23:55Z,PillDrop,Mounjaro,2.5mg,430.00,,https://pilldrop.co.nz/services/mounjaro/,
2026-09-23T20:23:55Z,PillDrop,Mounjaro,5mg,500.00,,https://pilldrop.co.nz/services/mounjaro/,
2026-09-23T20:23:55Z,PillDrop,Mounjaro,7.5mg,690.00,,https://pilldrop.co.nz/services/mounjaro/,
2026-09-23T20:23:55Z,PillDrop,Mounjaro,10mg,690.00,,https://pilldrop.co.nz/services/mounjaro/,
2026-09-23T20:23:55Z,PillDrop,Mounjaro,12.5mg,875.00,,https://pilldrop.co.nz/services/mounjaro/,
2026-09-23T20:23:55Z,PillDrop,Mounjaro,15mg,875.00,,https://pilldrop.co.nz/services/mounjaro/,
2026-09-23T20:23:58Z,Zoom Pharmacy,Saxenda,3 x 15ml,1433.49,true,https://zoompharmacy.co.nz/shop/saxenda-liraglutide-3x15ml-injection/,
2026-09-23T20:23:58Z,Zoom Pharmacy,Saxenda,2 x 15ml,956.49,true,https://zoompharmacy.co.nz/shop/saxenda-liraglutide-2x15ml-injection/,
2026-09-23T20:23:58Z,Zoom Pharmacy,Saxenda,1 x 15ml,479.49,true,https://zoompharmacy.co.nz/shop/saxenda-liraglutide-15ml-injection/,
2026-09-23T20:24:01Z,Zoom Pharmacy,Contrave,"8mg/90mg, 112 pack",209.49,true,https://zoompharmacy.co.nz/shop/contrave-naltrexone-bupropion-hydrochloride-8mg-90mg-tablets-112-pack/,
2026-09-23T20:24:04Z,Zoom Pharmacy,Duromine,"30mg, 30 pack",96.99,true,https://zoompharmacy.co.nz/shop/duromine-30mg-capsules-30-pack/,
2026-09-23T20:24:04Z,Zoom Pharmacy,Duromine,"15mg, 30 pack",79.99,true,https://zoompharmacy.co.nz/shop/duromine-15mg-capsules-30-pack/,
